-- MySQL dump 10.13  Distrib 8.0.34, for Win64 (x86_64)
--
-- Host: 127.0.0.1    Database: mydb
-- ------------------------------------------------------
-- Server version	8.0.34

/*!40101 SET @OLD_CHARACTER_SET_CLIENT=@@CHARACTER_SET_CLIENT */;
/*!40101 SET @OLD_CHARACTER_SET_RESULTS=@@CHARACTER_SET_RESULTS */;
/*!40101 SET @OLD_COLLATION_CONNECTION=@@COLLATION_CONNECTION */;
/*!50503 SET NAMES utf8 */;
/*!40103 SET @OLD_TIME_ZONE=@@TIME_ZONE */;
/*!40103 SET TIME_ZONE='+00:00' */;
/*!40014 SET @OLD_UNIQUE_CHECKS=@@UNIQUE_CHECKS, UNIQUE_CHECKS=0 */;
/*!40014 SET @OLD_FOREIGN_KEY_CHECKS=@@FOREIGN_KEY_CHECKS, FOREIGN_KEY_CHECKS=0 */;
/*!40101 SET @OLD_SQL_MODE=@@SQL_MODE, SQL_MODE='NO_AUTO_VALUE_ON_ZERO' */;
/*!40111 SET @OLD_SQL_NOTES=@@SQL_NOTES, SQL_NOTES=0 */;

--
-- Table structure for table `administrador`
--

DROP TABLE IF EXISTS `administrador`;
/*!40101 SET @saved_cs_client     = @@character_set_client */;
/*!50503 SET character_set_client = utf8mb4 */;
CREATE TABLE `administrador` (
  `rut_administrador` int NOT NULL,
  `id_rol` int NOT NULL,
  `correo_administrador` varchar(45) DEFAULT NULL,
  `contraseña_administrador` varchar(45) DEFAULT NULL,
  PRIMARY KEY (`rut_administrador`),
  KEY `id_rol_idx` (`id_rol`),
  CONSTRAINT `fk_id_rol_administrador` FOREIGN KEY (`id_rol`) REFERENCES `rol` (`id_rol`)
) ENGINE=InnoDB DEFAULT CHARSET=utf8mb3;
/*!40101 SET character_set_client = @saved_cs_client */;

--
-- Dumping data for table `administrador`
--

LOCK TABLES `administrador` WRITE;
/*!40000 ALTER TABLE `administrador` DISABLE KEYS */;
INSERT INTO `administrador` VALUES (1,3,'a@alu.ucm.cl','123'),(122365629,3,'admin123@gmail.com','admin1'),(211256329,3,'admin456@gmail.com','admin3'),(1112332323,3,'admin123123123@gmail.com','admin4_editado');
/*!40000 ALTER TABLE `administrador` ENABLE KEYS */;
UNLOCK TABLES;

--
-- Table structure for table `carrera`
--

DROP TABLE IF EXISTS `carrera`;
/*!40101 SET @saved_cs_client     = @@character_set_client */;
/*!50503 SET character_set_client = utf8mb4 */;
CREATE TABLE `carrera` (
  `id_carrera` int NOT NULL,
  `id_facultad` int NOT NULL,
  `nombre_carrera` varchar(150) DEFAULT NULL,
  PRIMARY KEY (`id_carrera`),
  KEY `id_facultad_idx` (`id_facultad`),
  CONSTRAINT `fk_id_facultad_carrera` FOREIGN KEY (`id_facultad`) REFERENCES `facultad` (`id_facultad`)
) ENGINE=InnoDB DEFAULT CHARSET=utf8mb3;
/*!40101 SET character_set_client = @saved_cs_client */;

--
-- Dumping data for table `carrera`
--

LOCK TABLES `carrera` WRITE;
/*!40000 ALTER TABLE `carrera` DISABLE KEYS */;
INSERT INTO `carrera` VALUES (1,1,'Bachillerato En Ciencias Biomédicas'),(2,1,'Bioingeniería Médica'),(3,1,'Medicina'),(4,1,'Química Y Farmacia'),(5,2,'Arquitectura'),(6,2,'Ingeniería Civil en Informática'),(7,2,'Ingenieria en Construcción'),(8,2,'Ingeniería Ejecución En Computación E Informática (Vespertino)'),(9,2,'Ingeniería Ejecución En Geomensura (Vespertino)'),(10,2,'Ingeniería En Automatización Y Control (Vespertino)'),(11,2,'Ingeniería En Ejecución Industrial (Vespertino)'),(12,2,'Construcción Civil (Vespertino)'),(13,2,'Ingeniería Civil'),(14,2,'Ingeniería Civil Electrónica'),(15,2,'Ingeniería Civil Industrial'),(16,3,'Geología'),(17,3,'Ingeniería En Estadística'),(18,3,'Ingeniería Matemática'),(19,3,'Pedagogía En Ciencias'),(20,3,'Pedagogía En Matemática Y Computación'),(21,4,'Pedagogía En Educación Especial - Talca'),(22,4,'Pedagogía En Educación Física'),(23,4,'Pedagogía En Educación General Básica Con Mención - Sede Talca'),(24,4,'Pedagogía En Educación Parvularia Con Mención - Talca'),(25,4,'Pedagogía En Historia, Geografía Y Ciencias Sociales'),(26,4,'Pedagogía En Inglés'),(27,4,'Pedagogía En Lengua Castellana Y Comunicación'),(28,5,'Ingeniería De Ejecución En Administración De Empresas (Vespertino) [nueva]'),(29,5,'Administración Pública'),(30,5,'Contador Público Y Auditor - Talca'),(31,5,'Derecho'),(32,5,'Ingeniería Comercial'),(33,5,'Sociología'),(34,5,'Trabajo Social - Talca'),(35,5,'Contador Auditor (Vespertino) [sin Acceso Paes]'),(36,6,'Obstetricia Y Puericultura [nueva]'),(37,6,'Enfermería - Talca'),(38,6,'Kinesiología'),(39,6,'Nutrición Y Dietética'),(40,6,'Psicología - Talca'),(41,6,'Tecnología Médica'),(42,6,'Terapia Ocupacional'),(43,7,'Agronomía'),(44,7,'Ingeniería En Biotecnología'),(45,7,'Ingeniería En Recursos Naturales'),(46,7,'Medicina Veterinaria'),(47,8,'Pedagogía En Religión Y Filosofia');
/*!40000 ALTER TABLE `carrera` ENABLE KEYS */;
UNLOCK TABLES;

--
-- Table structure for table `detalle_estudiante_ramo`
--

DROP TABLE IF EXISTS `detalle_estudiante_ramo`;
/*!40101 SET @saved_cs_client     = @@character_set_client */;
/*!50503 SET character_set_client = utf8mb4 */;
CREATE TABLE `detalle_estudiante_ramo` (
  `id_detalle_estudiante_ramo` int NOT NULL,
  `rut_estudiante` int NOT NULL,
  `id_ramo` varchar(25) NOT NULL,
  `nota_ramo` int DEFAULT NULL,
  PRIMARY KEY (`id_detalle_estudiante_ramo`),
  KEY `rut_estudiante_idx` (`rut_estudiante`),
  KEY `id_ramo_idx` (`id_ramo`),
  CONSTRAINT `fk_id_ramo_detalle_estudiante_ramo` FOREIGN KEY (`id_ramo`) REFERENCES `ramo` (`id_ramo`),
  CONSTRAINT `fk_rut_estudiante_detalle_estudiante_ramo` FOREIGN KEY (`rut_estudiante`) REFERENCES `estudiante` (`rut_estudiante`)
) ENGINE=InnoDB DEFAULT CHARSET=utf8mb3;
/*!40101 SET character_set_client = @saved_cs_client */;

--
-- Dumping data for table `detalle_estudiante_ramo`
--

LOCK TABLES `detalle_estudiante_ramo` WRITE;
/*!40000 ALTER TABLE `detalle_estudiante_ramo` DISABLE KEYS */;
INSERT INTO `detalle_estudiante_ramo` VALUES (1,201706319,'1',69),(2,211706875,'3',40),(3,152365894,'3',56),(4,123111,'2',44),(5,123111,'11',62),(6,123111,'13',52),(7,123111,'15',52),(8,123111,'17',46),(9,1234567,'ARQ121',45),(10,7654321,'11',41),(11,7654321,'ARQ121',63),(12,6666666,'DER121',49),(13,6666666,'DER122',61),(14,6666666,'DER123',67),(15,6666666,'DER124',43),(16,6666666,'DER112',48),(17,6666666,'DER123',65),(18,201706319,'BCB121',43),(19,201706319,'BCB122',45),(20,201706319,'BCB123',61),(21,201706319,'BCB124',42),(22,201706319,'BCB125',70),(23,7654321,'BCB221',45),(24,7654321,'BCB222',41),(25,7654321,'BCB223',51),(26,7654321,'OPP601',67),(27,7654321,'OPP602',40),(28,123456789,'BGM121',42),(29,123456789,'BGM122',68),(30,123456789,'BGM123',67),(31,123456789,'BGM124',46),(32,123456789,'BGM125',56),(33,345678901,'MDN121',48),(34,345678901,'MDN122',62),(35,345678901,'MDN123',50),(36,345678901,'MDN124',49),(37,345678901,'MDN125',45),(38,100042,'ARQ121',64),(39,100042,'ARQ122',68),(40,100042,'ARQ123',59),(41,100042,'ARQ124',44),(42,100042,'ARQ125',66),(43,100000001,'IEJ121 ',45),(44,100000001,'IEJ122',70),(45,100000001,'IEJ123',66),(46,100000001,'IEJ124',45),(47,789012345,'ICN221',61),(48,789012345,'ICN222',41),(49,789012345,'ICN223',44),(50,789012345,'ICN224',63),(51,789012345,'ICN225',40),(52,789012345,'ICN226',51),(53,100000056,'GEO121',68),(54,100000056,'GEO122',60),(55,100000056,'GEO123',69),(56,100000056,'GEO124',52),(57,100000056,'GEO125',41),(58,100000056,'GEO126',70);
/*!40000 ALTER TABLE `detalle_estudiante_ramo` ENABLE KEYS */;
UNLOCK TABLES;

--
-- Table structure for table `estudiante`
--

DROP TABLE IF EXISTS `estudiante`;
/*!40101 SET @saved_cs_client     = @@character_set_client */;
/*!50503 SET character_set_client = utf8mb4 */;
CREATE TABLE `estudiante` (
  `rut_estudiante` int NOT NULL,
  `id_carrera` int NOT NULL,
  `id_rol` int NOT NULL,
  `id_periodo` int NOT NULL,
  `nombres_estudiante` varchar(45) DEFAULT NULL,
  `apellido1_estudiante` varchar(45) DEFAULT NULL,
  `apellido2_estudiante` varchar(45) DEFAULT NULL,
  `correo_institucional_estudiante` varchar(45) DEFAULT NULL,
  `contraseña_estudiante` varchar(45) DEFAULT NULL,
  `ppa_estudiante` int DEFAULT NULL,
  `año_ingreso_estudiante` int DEFAULT NULL,
  `horas_ayudantia_estudiante` int DEFAULT NULL,
  PRIMARY KEY (`rut_estudiante`),
  KEY `id_carrera_idx` (`id_carrera`),
  KEY `id_rol_idx` (`id_rol`),
  KEY `id_periodo_idx` (`id_periodo`),
  CONSTRAINT `fk_id_carrera_estudiante` FOREIGN KEY (`id_carrera`) REFERENCES `carrera` (`id_carrera`),
  CONSTRAINT `fk_id_periodo_estudiante` FOREIGN KEY (`id_periodo`) REFERENCES `periodo` (`id_periodo`),
  CONSTRAINT `fk_id_rol_estudiante` FOREIGN KEY (`id_rol`) REFERENCES `rol` (`id_rol`)
) ENGINE=InnoDB DEFAULT CHARSET=utf8mb3;
/*!40101 SET character_set_client = @saved_cs_client */;

--
-- Dumping data for table `estudiante`
--

LOCK TABLES `estudiante` WRITE;
/*!40000 ALTER TABLE `estudiante` DISABLE KEYS */;
INSERT INTO `estudiante` VALUES (20000,1,1,1,'Abel','Alarcón','Alonso','abel.alarcon@uchile.cl','123456',55,2020,0),(20001,2,1,2,'Abigail','Barros','Bermúdez','abigail.barros@uchile.cl','654321',60,2021,2),(20002,3,1,1,'Abner','Castillo','Cerda','abner.castillo@uchile.cl','789012',65,2022,4),(20003,4,1,2,'Adela','Díaz','Durán','adela.diaz@uchile.cl','901234',70,2023,6),(20004,5,1,1,'Agustín','Espinoza','Fernandez','agustin.espinoza@uchile.cl','012345',45,2020,0),(20005,6,1,2,'Aida','Fernández','García','aida.fernandez@uchile.cl','456789',55,2021,2),(20006,7,1,1,'Alfonso','Gómez','González','alfonso.gomez@uchile.cl','123456',60,2022,4),(20007,8,1,2,'Alicia','Hernández','Ibarra','alicia.hernandez@uchile.cl','654321',65,2023,6),(20008,9,1,1,'Alonso','Iturriaga','Jiménez','alonso.iturriaga@uchile.cl','789012',70,2020,0),(20009,10,1,2,'Amanda','Lara','Latorre','amanda.lara@uchile.cl','901234',45,2021,2),(34000,1,1,1,'Bernardo','Barros','Bermúdez','bernardo.barros@uchile.cl','123456',55,2020,0),(34001,2,1,2,'Bárbara','Castillo','Cerda','barbara.castillo@uchile.cl','654321',60,2021,2),(34002,3,1,1,'Benjamin','Díaz','Durán','benjamin.diaz@uchile.cl','789012',65,2022,4),(34003,4,1,2,'Beatriz','Espinoza','Fernandez','beatriz.espinoza@uchile.cl','901234',70,2023,6),(34004,5,1,1,'Benjamín','Fernández','García','benjamin.fernandez@uchile.cl','012345',45,2020,0),(34005,6,1,2,'Blanca','Gómez','González','blanca.gomez@uchile.cl','456789',55,2021,2),(34006,7,1,1,'Boris','Hernández','Ibarra','boris.hernandez@uchile.cl','123456',60,2022,4),(34007,8,1,2,'Brigitte','Iturriaga','Jiménez','brigitte.iturriaga@uchile.cl','654321',65,2023,6),(34008,9,1,1,'Braulio','Lara','Latorre','braulio.lara@uchile.cl','789012',70,2020,0),(34009,10,1,2,'Brayan','Perez','Rodriguez','brayan.perez@uchile.cl','901234',45,2021,2),(40000,1,1,1,'Diego','Alarcón','Alonso','diego.alarcon@uchile.cl','123456',55,2020,0),(40001,2,1,2,'Diana','Barros','Bermúdez','diana.barros@uchile.cl','654321',60,2021,2),(40002,3,1,1,'Damián','Castillo','Cerda','damian.castillo@uchile.cl','789012',65,2022,4),(40003,4,1,2,'Dolores','Díaz','Durán','dolores.diaz@uchile.cl','901234',70,2023,6),(40004,5,1,1,'Daniel','Espinoza','Fernandez','daniel.espinoza@uchile.cl','012345',45,2020,0),(40005,6,1,2,'Diana','Fernández','García','diana.fernandez@uchile.cl','456789',55,2021,2),(40006,7,1,1,'Diego','Gómez','González','diego.gomez@uchile.cl','123456',60,2022,4),(40007,8,1,2,'Dominique','Hernández','Ibarra','dominique.hernandez@uchile.cl','654321',65,2023,6),(40008,9,1,1,'Dante','Iturriaga','Jiménez','dante.iturriaga@uchile.cl','789012',70,2020,0),(40009,10,1,2,'Denise','Lara','Latorre','denise.lara@uchile.cl','901234',45,2021,2),(100001,11,1,1,'Alejandro','Alvarez','Castro','alejandro.alvarez@uchile.cl','123456',55,2020,0),(100012,12,1,2,'Carla','Barros','Diaz','carla.barros@uchile.cl','654321',60,2021,2),(100023,13,1,1,'Cristobal','Cerda','Espinoza','cristian.cerda@uchile.cl','789012',65,2022,4),(100034,14,1,2,'Francisca','Duran','Fernandez','francisca.duran@uchile.cl','901234',70,2023,6),(100042,5,1,1,'Eduardo','Espinoza','Gonzalez','eduardo.espinoza@uchile.cl','012345',46,2020,0),(100056,16,1,2,'Rally','Fernandez','Hernandez','rally.fernandez@uchile.cl','456789',55,2021,2),(100067,17,1,1,'Cristofer','Garcia','Ibarra','cristofer.garcia@uchile.cl','123456',60,2022,4),(100078,18,1,2,'Cecilia','Gonzalez','Jimenez','cecilia.gonzalez@uchile.cl','654321',65,2023,6),(100089,19,1,1,'Ignacia','Iturriaga','Lara','ignacia.iturriaga@uchile.cl','789012',70,2020,0),(100090,20,1,2,'Javier','Latorre','Martinez','javier.latorre@uchile.cl','901234',45,2021,2),(123111,2,1,2,'juanito Alcaino','hernandez','Gutierrez','juanito@alu.ucm.cl','123123111',50,2018,2),(1234567,1,1,2,'Andres','Araya','Moreno','aaraya@alu.ucm.cl','12345',60,2023,2),(6666666,31,1,2,'Lucifer','Santiller','Hernandez','lucifer@alu.ucm.cl','12345',60,2020,0),(7654321,4,1,2,'Pedro','Diaz','Rebolledo','reportes@alu.ucm.cl','12345',60,2023,4),(12345678,10,1,2,'Paula','Fernandez','Silva','paula.fernandez@uchile.cl','901234',45,2021,2),(100000001,11,1,1,'Alejandro','Alvarez','Castro','alejandro.alvarez@uchile.cl','123456',55,2020,0),(100000012,12,2,2,'Brenda','Barros','Diaz','brenda.barros@uchile.cl','654321',60,2021,2),(100000023,13,3,1,'Cristian','Cerda','Espinoza','cristian.cerda@uchile.cl','789012',65,2022,4),(100000034,14,1,2,'Daniela','Duran','Fernandez','daniela.duran@uchile.cl','901234',70,2023,6),(100000045,15,2,1,'Cristian','Espinoza','Gonzalez','cristian.espinoza@uchile.cl','012345',45,2020,0),(100000056,16,1,2,'Fabian','Fernandez','Hernandez','fabian.fernandez@uchile.cl','456789',55,2021,2),(100000067,17,1,1,'Gonzalo','Garcia','Ibarra','gonzalo.garcia@uchile.cl','123456',60,2022,4),(100000078,18,2,2,'Hernan','Gonzalez','Jimenez','hernan.gonzalez@uchile.cl','654321',65,2023,6),(100000089,19,3,1,'Ignacio','Iturriaga','Lara','ignacio.iturriaga@uchile.cl','789012',70,2020,0),(100000090,20,1,2,'Javiera','Latorre','Martinez','javiera.latorre@uchile.cl','901234',45,2021,2),(123456789,1,1,1,'Juan','Perez','Lopez','juan.perez@uchile.cl','123456',50,2020,2),(152365894,1,1,1,'juan andres','meza ','vega','juan.meza@alu.ucm.cl','juan123',20,2023,NULL),(201706319,3,1,1,'joaquin andres','nunez ','munoz','joaquin.nunez@alu.ucm.cl','juaco123',50,2015,NULL),(207438531,5,1,1,'prueba','prueba','prueba','prueba@gmail.com','prueba',42,1999,NULL),(211706875,3,1,2,'david augusto','perez ','camacho','david.perez@alu.ucm.cl','david123',50,2020,4),(234567890,2,1,2,'Maria','Gonzalez','Martinez','maria.gonzalez@uchile.cl','654321',60,2021,2),(345678901,3,1,1,'Pedro','Diaz','Rodriguez','pedro.diaz@uchile.cl','789012',65,2022,4),(456789012,4,1,2,'Ana','Silva','Fernandez','ana.silva@uchile.cl','901234',70,2023,6),(567890123,5,1,1,'Luis','Martinez','Perez','luis.martinez@uchile.cl','012345',45,2020,4),(678901234,6,1,2,'Carolina','Sanchez','Gomez','carolina.sanchez@uchile.cl','456789',55,2021,2),(789012345,7,1,1,'Francisco','Alonso','Hernandez','francisco.alonso@uchile.cl','123456',60,2022,4),(890123456,8,1,2,'Daniela','Lopez','Martinez','daniela.lopez@uchile.cl','654321',65,2023,6),(901234567,9,1,1,'Carlos','Garcia','Rodriguez','carlos.garcia@uchile.cl','789012',70,2020,2),(1231112222,1,1,1,'Carlos','Letuce','Guti','carlitos@alu.ucm.cl','123123111',60,2020,7);
/*!40000 ALTER TABLE `estudiante` ENABLE KEYS */;
UNLOCK TABLES;

--
-- Table structure for table `evaluador`
--

DROP TABLE IF EXISTS `evaluador`;
/*!40101 SET @saved_cs_client     = @@character_set_client */;
/*!50503 SET character_set_client = utf8mb4 */;
CREATE TABLE `evaluador` (
  `rut_evaluador` int NOT NULL,
  `id_facultad` int NOT NULL,
  `id_rol` int NOT NULL,
  `nombre_evaluador` varchar(45) DEFAULT NULL,
  `apellido1_evaluador` varchar(45) DEFAULT NULL,
  `apellido2_evaluador` varchar(45) DEFAULT NULL,
  `contraseña_evaluador` varchar(45) DEFAULT NULL,
  PRIMARY KEY (`rut_evaluador`),
  KEY `id_facultad_idx` (`id_facultad`),
  KEY `id_rol_idx` (`id_rol`),
  CONSTRAINT `fk_id_facultad_evaluador` FOREIGN KEY (`id_facultad`) REFERENCES `facultad` (`id_facultad`),
  CONSTRAINT `fk_id_rol_evaluador` FOREIGN KEY (`id_rol`) REFERENCES `rol` (`id_rol`)
) ENGINE=InnoDB DEFAULT CHARSET=utf8mb3;
/*!40101 SET character_set_client = @saved_cs_client */;

--
-- Dumping data for table `evaluador`
--

LOCK TABLES `evaluador` WRITE;
/*!40000 ALTER TABLE `evaluador` DISABLE KEYS */;
INSERT INTO `evaluador` VALUES (122956847,1,2,'jesus','perez','calle','evaluador1'),(142562369,1,2,'jaime','contreras','camello','evaluador1'),(151316454,3,2,'jaime','cerda','concha','evaluador3'),(201359027,6,2,'nicolas','gatica','salvo','evaluador6'),(201712513,4,2,'javier','peña','castro','evaluador4'),(201792513,5,2,'diego','diaz','flores','evaluador5'),(207410935,7,2,'maro','rivera','delgado','evaluador7'),(207892351,8,2,'benjamin','rodriguez','valenzuela','evaluador8'),(623545233,2,2,'jose','olivares','coloma','evaluador2');
/*!40000 ALTER TABLE `evaluador` ENABLE KEYS */;
UNLOCK TABLES;

--
-- Table structure for table `facultad`
--

DROP TABLE IF EXISTS `facultad`;
/*!40101 SET @saved_cs_client     = @@character_set_client */;
/*!50503 SET character_set_client = utf8mb4 */;
CREATE TABLE `facultad` (
  `id_facultad` int NOT NULL,
  `nombre_facultad` varchar(45) DEFAULT NULL,
  PRIMARY KEY (`id_facultad`)
) ENGINE=InnoDB DEFAULT CHARSET=utf8mb3;
/*!40101 SET character_set_client = @saved_cs_client */;

--
-- Dumping data for table `facultad`
--

LOCK TABLES `facultad` WRITE;
/*!40000 ALTER TABLE `facultad` DISABLE KEYS */;
INSERT INTO `facultad` VALUES (1,'Facultad de Medicina'),(2,'Facultad de Ciencias de la Ingeniería '),(3,'Facultad de Ciencias Básicas'),(4,'Facultad de Ciencias de la Educación '),(5,'Facultad de Ciencias Sociales y Económicas'),(6,'Facultad de Ciencias de la Salud'),(7,'Facultad de Ciencias Agrarias y Forestales'),(8,'Facultad de Ciencias Religiosas y Filosóficas');
/*!40000 ALTER TABLE `facultad` ENABLE KEYS */;
UNLOCK TABLES;

--
-- Table structure for table `periodo`
--

DROP TABLE IF EXISTS `periodo`;
/*!40101 SET @saved_cs_client     = @@character_set_client */;
/*!50503 SET character_set_client = utf8mb4 */;
CREATE TABLE `periodo` (
  `id_periodo` int NOT NULL,
  `año_periodo` varchar(45) DEFAULT NULL,
  `semestre_periodo` int DEFAULT NULL,
  PRIMARY KEY (`id_periodo`)
) ENGINE=InnoDB DEFAULT CHARSET=utf8mb3;
/*!40101 SET character_set_client = @saved_cs_client */;

--
-- Dumping data for table `periodo`
--

LOCK TABLES `periodo` WRITE;
/*!40000 ALTER TABLE `periodo` DISABLE KEYS */;
INSERT INTO `periodo` VALUES (1,'2023',1),(2,'2023',2),(3,'2024',1),(4,'2024',2),(5,'2025',1),(6,'2025',2),(7,'2026',1),(8,'2026',2),(9,'2027',1),(10,'2027',2),(11,'2028',1),(12,'2028',2),(13,'2029',1),(14,'2029',2),(15,'2030',1),(16,'2030',2);
/*!40000 ALTER TABLE `periodo` ENABLE KEYS */;
UNLOCK TABLES;

--
-- Table structure for table `postulacion`
--

DROP TABLE IF EXISTS `postulacion`;
/*!40101 SET @saved_cs_client     = @@character_set_client */;
/*!50503 SET character_set_client = utf8mb4 */;
CREATE TABLE `postulacion` (
  `id_postulacion` bigint NOT NULL,
  `rut_estudiante` int NOT NULL,
  `id_ramo` varchar(25) NOT NULL,
  `id_periodo` int NOT NULL,
  `estado_postulacion` varchar(45) DEFAULT NULL,
  `horas_solicitud_ayudantia` int DEFAULT NULL,
  `fecha_postulacion` date DEFAULT NULL,
  PRIMARY KEY (`id_postulacion`),
  KEY `rut_estudiante_idx` (`rut_estudiante`),
  KEY `id_ramo_idx` (`id_ramo`),
  KEY `id_periodo_idx` (`id_periodo`),
  CONSTRAINT `fk_id_periodo_postulacion` FOREIGN KEY (`id_periodo`) REFERENCES `periodo` (`id_periodo`),
  CONSTRAINT `fk_id_ramo_postulacion` FOREIGN KEY (`id_ramo`) REFERENCES `ramo` (`id_ramo`),
  CONSTRAINT `fk_rut_estudiante_postulacion` FOREIGN KEY (`rut_estudiante`) REFERENCES `estudiante` (`rut_estudiante`)
) ENGINE=InnoDB DEFAULT CHARSET=utf8mb3;
/*!40101 SET character_set_client = @saved_cs_client */;

--
-- Dumping data for table `postulacion`
--

LOCK TABLES `postulacion` WRITE;
/*!40000 ALTER TABLE `postulacion` DISABLE KEYS */;
INSERT INTO `postulacion` VALUES (50027,100042,'ARQ123',2,'revisado',6,'2023-12-12'),(50030,100042,'ARQ122',2,'revisado',4,'2023-11-12'),(50031,100042,'ARQ121',2,'revisado',4,'2023-10-12'),(61558,123111,'11',1,'pendiente',6,'2023-09-12'),(61566,123111,'15',1,'pendiente',7,'2023-08-12'),(3333335,6666666,'DER121',2,'revisado',3,'2023-07-11'),(3333338,6666666,'DER112',2,'revisado',2,'2023-06-12'),(3333340,6666666,'DER112',2,'revisado',2,'2023-05-11'),(3333342,6666666,'DER123',2,'revisado',4,'2023-04-11'),(3827168,7654321,'ARQ121',2,'pendiente',4,'2023-03-12'),(3827170,7654321,'BCB221',2,'pendiente',3,'2023-02-12'),(50000004,100000001,'IEJ123',2,'revisado',3,'2023-01-12'),(50000006,100000001,'IEJ122',2,'revisado',2,'2023-02-12'),(50000008,100000001,'IEJ121',2,'revisado',4,'2023-03-12'),(50000032,100000056,'GEO123',2,'pendiente',4,'2023-04-12'),(50000033,100000056,'GEO124',2,'pendiente',2,'2023-05-12'),(50000035,100000056,'GEO122',2,'pendiente',6,'2023-06-12'),(50000036,100000056,'GEO121',2,'pendiente',6,'2023-07-12'),(61728396,123456789,'BGM125',2,'pendiente',3,'2023-08-12'),(61728398,123456789,'BGM122',2,'pendiente',5,'2023-09-12'),(61728402,123456789,'BGM123',2,'pendiente',5,'2023-10-12'),(100853160,201706319,'1',1,'pendiente',8,'2023-11-12'),(100853166,201706319,'BCB123',2,'pendiente',2,'2023-12-12'),(100853168,201706319,'BCB122',2,'pendiente',4,'2023-11-12'),(172839452,345678901,'MDN123',2,'pendiente',4,'2023-10-12'),(172839454,345678901,'MDN121',2,'pendiente',3,'2023-09-12'),(172839460,345678901,'MDN122',2,'pendiente',2,'2023-08-12'),(394506174,789012345,'ICN224',2,'revisado',2,'2023-07-12'),(394506176,789012345,'ICN221',2,'revisado',5,'2023-06-12'),(394506180,789012345,'ICN226',2,'revisado',5,'2023-05-12');
/*!40000 ALTER TABLE `postulacion` ENABLE KEYS */;
UNLOCK TABLES;

--
-- Table structure for table `ramo`
--

DROP TABLE IF EXISTS `ramo`;
/*!40101 SET @saved_cs_client     = @@character_set_client */;
/*!50503 SET character_set_client = utf8mb4 */;
CREATE TABLE `ramo` (
  `id_ramo` varchar(25) NOT NULL,
  `id_carrera` int NOT NULL,
  `id_periodo` int NOT NULL,
  `nombre_ramo` varchar(100) DEFAULT NULL,
  `horas_ayudantia_ramo` int DEFAULT NULL,
  `ayudantia_ramo` varchar(100) DEFAULT NULL,
  PRIMARY KEY (`id_ramo`),
  KEY `id_carrera_idx` (`id_carrera`),
  KEY `id_periodo_idx` (`id_periodo`),
  CONSTRAINT `fk_id_carrera_ramo` FOREIGN KEY (`id_carrera`) REFERENCES `carrera` (`id_carrera`),
  CONSTRAINT `fk_id_periodo_ramo` FOREIGN KEY (`id_periodo`) REFERENCES `periodo` (`id_periodo`)
) ENGINE=InnoDB DEFAULT CHARSET=utf8mb3;
/*!40101 SET character_set_client = @saved_cs_client */;

--
-- Dumping data for table `ramo`
--

LOCK TABLES `ramo` WRITE;
/*!40000 ALTER TABLE `ramo` DISABLE KEYS */;
INSERT INTO `ramo` VALUES ('1',1,1,'fisica',8,'Si'),('11',3,1,'Chemistry Basics',6,'si'),('13',1,1,'Introduction to Programming',3,'si'),('15',3,1,'Biology 101',7,'si'),('17',1,1,'Spanish Language',2,'si'),('2',3,2,'algebra',6,'si'),('3',3,1,'algebra',4,'si'),('ARQ121',5,2,' MATEMÁTICA APLICADA PARA ARQUITECTURA II ',4,'si'),('ARQ122',5,2,' GEOMETRÍA Y REPRESENTACIÓN I ',4,'si'),('ARQ123',5,2,' HISTORIA Y TEORÍA DE LA ARQUITECTURA II ',6,'si'),('ARQ124',5,2,' TALLER DE ARQUITECTURA II ',6,'si'),('ARQ221',5,2,' URBANISMO II ',5,'si'),('ARQ222',5,2,' MODELACIÓN DIGITAL PARA ARQUITECTOS ',4,'si'),('ARQ223',5,2,' ESTRUCTURA II ',2,'si'),('ARQ224',5,2,' EXPRESIÓN ORAL EN ARQUITECTURA ',6,'si'),('ARQ225',5,2,' TALLER DE ARQUITECTURA IV: MÓDULO INTEGRADOR CIENCIAS BÁSICAS ',5,'si'),('ARQ321',5,2,' SISTEMAS CONSTRUCTIVOS I ',4,'si'),('ARQ322',5,2,' BIM / REVISIÓN ',2,'si'),('ARQ323',5,2,' TOPOGRAFÍA ',3,'si'),('ARQ324',5,2,' TECNOLOGÍA EN DISEÑO Y MATERIALIZACIÓN ',4,'si'),('ARQ325',5,2,' TALLER DE ARQUITECTURA VI ',6,'si'),('ARQ421',5,2,' SISTEMAS CONSTRUCTIVOS III ',3,'si'),('ARQ422',5,2,' BIM / DIRECCION Y GESTIÓN ',6,'si'),('ARQ423',5,2,' EDIFICIO Y ENTORNO II ',2,'si'),('ARQ424',5,2,' TALLER DE ARQUITECTURA VIII: MODULO ',2,'si'),('AUD121',30,2,' CONTABILIDAD ',3,'si'),('AUD122',30,2,' DERECHO EMPRESARIAL ',6,'si'),('AUD123',30,2,' ADMINISTRACIÓN I ',4,'si'),('AUD124',30,2,' MATEMÁTICAS I ',3,'si'),('AUD125',30,2,' TECNOLOGÍAS DE LA INFORMACIÓN ',3,'si'),('AUD221',30,2,' NORMAS CONTABLES II ',6,'si'),('AUD222',30,2,' CONTABILIDAD DE COSTOS ',5,'si'),('AUD223',30,2,' FUNDAMENTOS DE LA ECONOMÍA ',4,'si'),('AUD224',30,2,' ADMINISTRACIÓN DE PERSONAL ',2,'si'),('AUD225',30,2,' ESTADÍSTICAS I ',3,'si'),('AUD226',30,2,' MÓDULO INTEGRATIVO I ',2,'si'),('AUD321',30,2,' ESTADOS FINANCIEROS ',2,'si'),('AUD322',30,2,' SISTEMAS DE INFORMACIÓN I ',2,'si'),('AUD323',30,2,' HABILIDADES DIRECTIVAS ',5,'si'),('AUD324',30,2,' IMPUESTO AL VALOR AGREGADO ',6,'si'),('AUD325',30,2,' CONTROL INTERNO ',3,'si'),('AUD326',30,2,' METODOLOGÍA DE LA INVESTIGACIÓN ',5,'si'),('BCB121',1,2,' MORFOLOGÍA I ',5,'si'),('BCB122',1,2,' BIOQUÍMICA GENERAL Y MOLECULAR ',4,'si'),('BCB123',1,2,' QUÍMICA GENERAL II ',2,'si'),('BCB124',1,2,' BIOESTADISTICA ',4,'si'),('BCB125',1,2,' FÍSICA PARA CIENCIAS BIOMÉDICAS ',2,'si'),('BCB126',1,2,' INTRODUCCIÓN A LAS CIENCIAS BIOMÉDICAS ',6,'si'),('BCB221',1,2,' MORFOLOGÍA III ',3,'si'),('BCB222',1,2,' BASES CELULARES  Y MOLECULARES DE LA ENFERMEDAD ',2,'si'),('BCB225',1,2,' TALLER PROBLEMA DE SALUD Y HUMANIZACIÓN ',6,'si'),('BGM121',2,2,' FUNDAMENTOS DE LA ESTRUCTURA DEL CUERPO HUMANO II ',2,'si'),('BGM122',2,2,' MATEMATICA Y COMPUTACIÓN II ',5,'si'),('BGM123',2,2,' FUNDAMENTOS DE LA FUNCIÓN DEL CUERPO HUMANO II ',5,'si'),('BGM124',2,2,' BIOQUIMICA I ',4,'si'),('BGM125',2,2,' METODOLOGIA DE LA VARIABLES BIOMEDICAS ',3,'si'),('BGM221',2,2,' COMUNICACIÓN PERSONA ',4,'si'),('BGM222',2,2,' ELECTRONICA II ',3,'si'),('BGM223',2,2,' METERIALES  ',5,'si'),('BGM224',2,2,' INSTRUMENTACIÓN BIOMÉDICA  ',4,'si'),('BGM225',2,2,' TALLER DE INVESTIGACIÓN Y FORMACIÓN I ',6,'si'),('BGM321',2,2,' GESTIÓN HOSPITALARIA Y TELEMEDICINA ',2,'si'),('BGM322',2,2,' BIOÉTICA ',4,'si'),('BGM323',2,2,' TERAPIA CELULAR Y MEDICINA REGENERATIVA ',3,'si'),('BGM324',2,2,' BIOINFORMÁTICA ',6,'si'),('BSC112',33,2,' MATEMÁTICA APLICADA A LA CCSSEE I ',4,'si'),('BSC121',33,2,' FENÓMENOS Y CONTEXTOS SOCIALES ',3,'si'),('BSC122',32,2,' HISTORIA SOCIAL Y POLÍTICA DE CHILE ',4,'si'),('BSC123',32,2,' MATEMÁTICA APLICADA A LA CCSSEE II ',6,'si'),('BSC124',32,2,' INTRODUCCIÓN A LA INVESTIGACIÓN EN CIENCIAS SOCIALES ',5,'si'),('BSC125',33,2,' MACROECONOMÍA ',4,'si'),('BSC126',33,2,' COMUNICACIÓN PARA LA INVESTIGACIÓN ',2,'si'),('BSC221',32,2,' ORGANIZACIONES ',2,'si'),('BSC222',33,2,' ESTADÍSTICAS PARA LAS CIENCIAS SOCIALES Y ADMINISTRATIVAS ',6,'si'),('BSC223',33,2,' TALLER DE DISEÑO DE PROYECTOS DE INVESTIGACIÓN ',3,'si'),('BSC224',33,2,' ECONOMÍA Y TERRITORIO ',3,'si'),('BSC225',32,2,' PROFUNDIZACIÓN II ',4,'si'),('CAT121',35,2,' CONTABILIDAD I ',3,'si'),('CAT122',35,2,' ADMINISTRACIÓN DE PERSONAL ',6,'si'),('CAT123',35,2,' MATEMÁTICAS I ',4,'si'),('CAT124',35,2,' COMUNICACIÓN EFECTIVA ',5,'si'),('CAT221',35,2,' CONTABILIDAD III ',6,'si'),('CAT222',35,2,' INTRODUCCIÓN A LA ECONOMÍA ',2,'si'),('CAT223',35,2,' CONTABILIDAD DE COSTOS I ',2,'si'),('CAT224',35,2,' MODULO INTEGRATIVO ',5,'si'),('CAT321',35,2,' CONTABILIDAD V ',5,'si'),('CAT322',35,2,' CONTROL INTERNO ',5,'si'),('CAT323',35,2,' TRIBUTARIA I ',4,'si'),('CAT324',35,2,' MATEMÁTICAS FINANCIERAS ',5,'si'),('CAT421',35,2,' SISTEMAS II ',2,'si'),('CAT422',35,2,' FUNDAMENTOS DE AUDITORÍA EEFF ',6,'si'),('CAT423',35,2,' TRIBUTARIA III ',4,'si'),('CAT424',35,2,' METODOLOGÍA DE LA INVESTIGACIÓN ',6,'si'),('CAT425',35,2,' FORMULACIÓN DE PROYECTOS ',5,'si'),('CCI121',12,2,' ÁLGEBRA LINEAL ',2,'si'),('CCI122',12,2,' CÁLCULO II ',5,'si'),('CCI123',12,2,' FÍSICA I ',2,'si'),('CCI221',12,2,' ECONOMÍA ',5,'si'),('CCI222',12,2,' TOPOGRAFÍA GENERAL ',5,'si'),('CCI223',12,2,' MECÁNICA ',6,'si'),('CCI224',12,2,' MÓDULO INTEGRADOR DISCIPLINAR (MIDI) ',4,'si'),('CCI314',12,2,' PRÁCTICA 1: INICIAL  ',5,'si'),('CCI321',12,2,' ADMINISTRACIÓN CONSTRUCCIÓN ',2,'si'),('CCI322',12,2,' CONSTRUCCIONES HIDRÁULICAS ',3,'si'),('CCI323',12,2,' CONSTRUCCIÓN INSTALACIONES ',3,'si'),('CCI324',12,2,' MECÁNICA DE SUELOS ',3,'si'),('CCI421',12,2,' MÓDULO INTEGRADOR DE FORMACIÓN PROFESIONAL (PRÁCTICA 2: PROFESIONAL) ',2,'si'),('CCM121',19,2,' BIOLOGÍA GENERAL I ',5,'si'),('CCM122',19,2,' QUÍMICA GENERAL I ',6,'si'),('CCM123',19,2,' FÍSICA GENERAL I ',5,'si'),('CCM124',19,2,' ÁLGEBRA I ',5,'si'),('CCM221',19,2,' TALLER DE INVESTIGACIÓN (HITO I) ',4,'si'),('CCM222',19,2,' MECÁNICA ',3,'si'),('CCM223',19,2,' ÁLGEBRA LINEAL ',5,'si'),('CCM224',19,2,' CÁLCULO II ',4,'si'),('CCM225',19,2,' PRÁCTICA I ',3,'si'),('CCM226',19,2,' DIDÁCTICA DE LA FÍSICA I ',3,'si'),('CCM228',19,2,' QUÍMICA INORGÁNICA I ',5,'si'),('CCM229',19,2,' QUÍMICA ORGÁNICA I ',3,'si'),('CCM231',19,2,' DIDÁCTICA DE LA QUÍMICA I ',3,'si'),('CCM232',19,2,' QUÍMICA ORGÁNICA (B) ',5,'si'),('CCM233',19,2,' ZOOLOGÍA ',6,'si'),('CCM234',19,2,' BOTÁNICA ',3,'si'),('CCM235',19,2,' DIDÁCTICA DE LA BIOLOGÍA I ',5,'si'),('CCV121',12,2,' SOFTWARE METODOS GRÁFICOS ',5,'si'),('CCV122',12,2,' MATERIALES DE LA CONSTRUCCIÓN ',5,'si'),('CCV124',12,2,' MATEMÁTICAS PARA CONSTRUCCIÓN II ',6,'si'),('CCV125',12,2,' INTRODUCCIÓN A INSTALACIONES DE OBRAS ',5,'si'),('CCV321',12,2,' PRESUPUESTO Y COSTO, PROGRAMACIÓN Y CONTROL DE OBRAS ',3,'si'),('CCV322',12,2,' MECÁNICA  ',2,'si'),('CCV323',12,2,' CONSTRUCCIÓN DE INSTALACIONES ELÉCTRICAS Y DE GAS ',4,'si'),('CCV324',12,2,' CONSTRUCCIÓN DE INSTALACIONES SANITARIAS ',4,'si'),('CCV325',12,2,' MÓDULO INTEGRADOR II ',3,'si'),('DER112',31,2,' INSTITUCIONES DE DERECHO ROMANO ',2,'si'),('DER113',31,2,' INTRODUCCIÓN AL DERECHO ',5,'si'),('DER121',31,2,' DERECHO CONSTITUCIONAL ',3,'si'),('DER122',31,2,' DERECHO CIVIL I. CONCEPTOS GENERALES Y PERSONA ',6,'si'),('DER123',31,2,' INTRODUCCIÓN AL DERECHO II ',4,'si'),('DER124',31,2,' DERECHO PROCESAL ORGÁNICO ',3,'si'),('DER125',31,2,' DERECHO Y SOCIEDAD, RESPONSABILIDAD SOCIAL ',4,'si'),('DER126',31,2,' DERECHO INTERNACIONAL PÚBLICO ',3,'si'),('DER212',31,2,' DERECHO CIVIL II, ACTO JURÍDICO ',4,'si'),('DER221',31,2,' GARANTÍAS Y PROCESOS CONSTITUCIONALES ',3,'si'),('DER222',31,2,' DERECHO CIVIL III, OBLIGACIONES ',6,'si'),('DER223',31,2,' ARGUMENTACIÓN JURÍDICA (HITO I) ',6,'si'),('DER224',31,2,' DERECHO PROCESAL II, JUICIO ORDINARIO ',5,'si'),('DER225',31,2,' ÉTICA PROFESIONAL DEL ABOGADO ',6,'si'),('DER321',31,2,' DERECHO PENAL GENERAL ',4,'si'),('DER322',31,2,' DERECHO CIVIL V, CONTRATOS CIVILES Y MERCANTILES ',5,'si'),('DER323',31,2,' DERECHO COMERCIAL II ',6,'si'),('DER324',31,2,' DERECHO PROCESAL IV, RECURSOS ',3,'si'),('DER325',31,2,' DERECHO DEL TRABAJO II ',4,'si'),('DER411',31,2,' DERECHO PENAL ESPECIAL ',4,'si'),('DER421',31,2,' DERECHO PENAL ESPECIAL II ',4,'si'),('DER422',31,2,' DERECHO CIVIL VIII, RESPONSABILIDAD CIVIL ',6,'si'),('DER423',31,2,' DERECHO CIVIL IX, SUCESORIO ',6,'si'),('DER424',31,2,' DERECHO PROCESAL PENAL ',2,'si'),('DER425',31,2,' TALLER DE ANÁLISIS JURÍDICO (HITO II) ',5,'si'),('DER521',31,2,' CLÍNICA JURÍDICA ',6,'si'),('DER524',31,2,' PROFUNDIZACIÓN DE DERECHO CIVIL ',4,'si'),('DER525',31,2,' PROFUNDIZADO DE DERECHO PROCESAL ',3,'si'),('DER526',31,2,' FILOSOFÍA DEL DERECHO ',3,'si'),('DER527',31,2,' BIOÉTICA Y DERECHO ',2,'si'),('DER528',31,2,' DERECHO CONCURSAL ',3,'si'),('DER529',31,2,' IMPUTACIÓN OBJETIVA ',3,'si'),('DER530',31,2,' DERECHO MUNICIPAL ',4,'si'),('ECI121',8,2,' PROGRAMACIÓN ',2,'si'),('ECI122',8,2,' SISTEMAS DE INFORMACIÓN ',5,'si'),('ECI123',8,2,' MATEMÁTICA PARA COMPUTACIÓN II ',4,'si'),('ECI124',8,2,' REDES DE COMPUTADORES ',2,'si'),('ECI321',8,2,' PROGRAMACIÓN FRONT',3,'si'),('ECI322',8,2,' GESTIÓN INFORMÁTICA ',5,'si'),('ECI323',8,2,' ANÁLISIS DE DATOS INFORMÁTICOS ',3,'si'),('ECI324',8,2,' MÓDULO INTEGRADOR II ',2,'si'),('EDE001',21,2,' PRESENTACIÓN ORAL DEL TRABAJO ',6,'si'),('EDE321',21,2,' GESTIÓN ESCOLAR ',2,'si'),('EDE323',21,2,' ANÁLISIS DE DATOS  ',5,'si'),('EDE324',21,2,' MODELOS DE APOYO PARA LOS TRASTORNOS DEL LENGUAJE Y LA COMUNICACIÓN ',2,'si'),('EDE325',21,2,' MODELOS DE APOYO PARA LA DA ',5,'si'),('EDE326',21,2,' PRÁCTICA DE GESTIÓN DEL CURRÍCULO EN EL CONTEXTO EDUCATIVO ',4,'si'),('EDE327',21,2,' MODELOS DE APOYO PARA LA DI ',2,'si'),('EDE421',21,2,' SÍNTESIS DE GRADO EN EDUCACIÓN  ',4,'si'),('EDE422',21,2,' TRASTORNOS DEL LENGUAJE Y LA COMUNICACIÓN EN LA VIDA ADULTA ',4,'si'),('EDE423',21,2,' DIFICULTADES DEL APRENDIZAJE EN LA VIDA ADULTA ',4,'si'),('EDE425',21,2,' DESARROLLO Y TRANSICIÓN A LA VIDA ADULTA EN LA DISCAPACIDAD INTELECTUAL  ',5,'si'),('EDE523',21,2,' TRABAJO PROFESIONAL DE INVESTIGACIÓN ',4,'si'),('EDF001',22,2,' SEMINARIO DE LICENCIATURA ',4,'si'),('EDF421',22,2,' SEMINARIO DE LICENCIATURA II: SINTESIS DE GRADO EN CIENCIAS DE LA EDUCACIÓN ',4,'si'),('EDF423',22,2,' TENIS Y/O DEPORTES AFINES ',2,'si'),('EDF424',22,2,' MENCIÓN: ENTRENAMIENTO FÍSICO Y DEPORTIVO ',5,'si'),('EDF425',22,2,' MENCIÓN: GESTIÓN Y ORGANIZACIÓN DE LA ACTIVIDAD FÍSICA ',2,'si'),('EDF426',22,2,' MENCIÓN: ACTIVIDAD FÍSICA EN LA NATURALEZA ',2,'si'),('EDF427',22,2,' MENCIÓN: ACTIVIDAD FÍSICA Y SALUD ',5,'si'),('EDF428',22,2,' ACTIVIDADES FÍSICAS Y DEPORTIVAS EMERGENTES ',5,'si'),('EDF430',22,2,' PSICOLOGÍA POSITIVA ',6,'si'),('EDF511',22,2,' PRÁCTICA DE SINTESIS PROFESIONAL Y PROYECTO INVESTIGATIVO ',2,'si'),('EFC321',22,2,' PLANIFICACIÓN DEL ENTRENAMIENTO DEPORTIVO ',3,'si'),('EFC322',22,2,' DIDÁCTICA DEL FÚTBOL ',2,'si'),('EFC323',22,2,' GESTIÓN ESCOLAR ',6,'si'),('EFC324',22,2,' ORIENTACIÓN EDUCACIONAL Y VOCACIONAL ',4,'si'),('EFC325',22,2,' PRÁCTICA II ',5,'si'),('EFC421',22,2,' DIDÁCTICA DE LAS ACTIVIDADES MOTRICES EMERGENTES ',6,'si'),('EFC422',22,2,' OPTATIVO II ',3,'si'),('EFC423',22,2,' PROMOCIÓN DE ESTILOS DE VIDA SALUDABLE ',6,'si'),('EFC424',22,2,' SÍNTESIS DE GRADO EN EDUCACIÓN ',3,'si'),('EFC425',22,2,' PRÁCTICA IV ',6,'si'),('EFG701',9,2,' CONSTRUYENDO UNA NUEVA CULTURA EMPRESARIAL ',5,'si'),('ELT321',26,2,' GESTIÓN ESCOLAR ',6,'si'),('ELT322',26,2,' ORIENTACIÓN EDUCACIONAL Y VOCACIONAL ',5,'si'),('ELT323',26,2,' COMPETENCIAS COMUNICATIVAS EN INGLÉS VI ',5,'si'),('ELT324',26,2,' ESCRITURA ACADÉMICA ',6,'si'),('ELT325',26,2,' DIDÁCTICA DEL IDIOMA INGLÉS EN EDUCACIÓN MEDIA I ',3,'si'),('ELT326',26,2,' PRÁCTICA PEDAGÓGICA: ENSEÑANZA DEL INGLÉS EN EDUCACIÓN BÁSICA ',3,'si'),('ELT421',26,2,' SÍNTESIS DE GRADO EN EDUCACIÓN ',2,'si'),('ELT422',26,2,' COMPETENCIAS COMUNICATIVAS EN INGLÉS VIII ',2,'si'),('ELT424',26,2,' LITERATURA Y TEATRO ',3,'si'),('ELT425',26,2,' SÍNTESIS DE GRADO EN LENGUA INGLESA I ',2,'si'),('ELT426',26,2,' PRÁCTICA PEDAGÓGICA: PROPUESTAS DIDÁCTICAS PARA EDUCACIÓN BÁSICA Y MEDIA ',2,'si'),('ELT427',26,2,' NEUROCIENCIA DEL APRENDIZAJE ',3,'si'),('ELT428',26,2,' COMPETENCIA COMUNICATIVA INTERCULTURAL ',4,'si'),('ELT429',26,2,' ATENCIÓN A LA DIVERSIDAD DEL AULA EN EL CONTEXTO DEL APRENDIZAJE DEL INGLÉS ',2,'si'),('ENC427',37,2,' INTERVENCIONES FAMILIARES EFECTIVAS EN SALUD PRIMARIA ',3,'si'),('ENC428',37,2,' CUIDADOS DE ENFERMERÍA GERONTOLÓGICA ',3,'si'),('ENT121',37,2,' SALUD PÚBLICA ',2,'si'),('ENT122',37,2,' COMUNICACIÓN E INTERCULTURALIDAD EN ENFERMERÍA ',6,'si'),('ENT123',37,2,' FUNDAMENTOS BIOQUÍMICOS PARA LA ENFERMERÍA ',3,'si'),('ENT124',37,2,' BIOMATEMÁTICAS APLICADA A LA ENFERMERÍA ',6,'si'),('ENT125',37,2,' MORFOLOGÍA HUMANA II ',3,'si'),('ENT126',37,2,' FISIOLOGÍA HUMANA ',6,'si'),('ENT127',37,2,' PSICOLOGÍA GENERAL Y EVOLUTIVA ',2,'si'),('ENT221',37,2,' CUIDADOS EN EL CICLO VITAL II ',5,'si'),('ENT222',37,2,' PARADIGMAS Y MÉTODOS INVESTIGATIVOS I ',6,'si'),('ENT223',37,2,' FISIOPATOLOGÍA PARA LA ENFERMERÍA II ',5,'si'),('ENT224',37,2,'FARMACOLOGIA PARA ENFERMERIA II ',3,'si'),('ENT225',37,2,' ESTADÍSTICA APLICADA A LA SALUD ',2,'si'),('ENT226',37,2,' INTEGRACIÓN DE COMPETENCIAS I ',6,'si'),('ENT321',37,2,' CUIDADOS EN EL ADULTO Y PERSONA MAYOR AMBULATORIA ',2,'si'),('ENT322',37,2,' FORMULACIÓN DE PROYECTOS INVESTIGATIVOS EN ENFERMERÍA ',2,'si'),('ENT323',37,2,' CUIDADOS EN EL ADULTO Y PERSONA MAYOR HOSPITALIZADA I ',3,'si'),('ENT324',37,2,' CALIDAD Y PLANIFICACIÓN EN ENFERMERÍA ',6,'si'),('ENT421',37,2,' CUIDADOS EN EL NEONATO, NIÑO Y ADOLESCENTE HOSPITALIZADO II ',3,'si'),('ENT422',37,2,' SEMINARIO II ',2,'si'),('ENT423',37,2,' ENFERMERÍA EN URGENCIA Y DESASTRES ',2,'si'),('ENT424',37,2,' GESTIÓN EN CENTROS DE SALUD ',5,'si'),('ENT425',37,2,' INTEGRACIÓN DE COMPETENCIAS II ',6,'si'),('ENT521',37,2,' GESTIÓN DEL CUIDADO II ',5,'si'),('EPT123',24,2,' PSICOLOGÍA DEL NIÑO Y DESARROLLO INFANTIL  ',5,'si'),('EPT124',24,2,' LECTURA Y ESCRITURA ACADÉMICA ',5,'si'),('EPT125',24,2,' ARTES VISUALES EN EDUCACIÓN PARVULARIA ',3,'si'),('EPT126',24,2,' TALLER PEDAGÓGICO ',2,'si'),('EPT222',24,2,' PLANIFICACIÓN Y EVALUACIÓN DE APRENDIZAJES EN EDUCACIÓN PARVULARIA ',5,'si'),('EPT223',24,2,' DESARROLLO DEL PENSAMIENTO LÓGICO MATEMÁTICO ',2,'si'),('EPT224',24,2,' DESARROLLO DEL LENGUAJE ORAL Y ESCRITO ',3,'si'),('EPT225',24,2,' DIAGNÓSTICO DE HABILIDADES PARA EL APRENDIZAJE EN EDUCACIÓN INICIAL ',5,'si'),('EPT226',24,2,' MÚSICA EN EL NIVEL DE EDUCACIÓN PARVULARIA ',4,'si'),('EPT227',24,2,' PRÁCTICA DE EDUCACIÓN PARVULARIA EN CONTEXTO URBANO ',3,'si'),('FIT123',21,2,' BASES PARA EL APRENDIZAJE ',4,'si'),('FIT124',21,2,' ATENCIÓN TEMPRANA Y OPORTUNA EN EL CICLO VITAL ',2,'si'),('FIT125',21,2,' HABILIDADES ACADÉMICAS AVANZADAS DE COMUNICACIÓN ORAL Y ESCRITA ',2,'si'),('FIT126',21,2,' PRÁCTICA EN EL CONTEXTO EDUCATIVO Y CICLO VITAL  ',6,'si'),('FIT222',21,2,' APOYOS E INTERVENCIONES CONDUCTUALES POSITIVAS EN LA ESCUELA ',3,'si'),('FIT223',21,2,' DIDÁCTICA DE LA MATEMÁTICA ',4,'si'),('FIT224',21,2,' BASES CONCEPTUALES DEL DESARROLLO DEL LENGUAJE Y LA COMUNICACIÓN Y SUS TRASTORNOS ',4,'si'),('FIT225',21,2,' BASES CONCEPTUALES DE LA DISCAPACIDAD DE APRENDIZAJE ',6,'si'),('FIT226',21,2,' PRÁCTICA DE INTERSECCIÓN EN LA GESTIÓN DE LOS APRENDIZAJES EN EL CONTEXTO EDUCATIVO ',5,'si'),('FIT227',21,2,' BASES CONCEPTUALES DE LA DISCAPACIDAD INTELECTUAL ',2,'si'),('GBT123',23,2,' GRAMÁTICA Y ORTOGRAFÍA PARA LA FORMACIÓN ESCOLAR ',3,'si'),('GBT124',23,2,' ELEMENTOS DE GEOMETRÍA Y MEDICIÓN ',4,'si'),('GBT125',23,2,' CIENCIAS DE LA VIDA ',4,'si'),('GBT126',23,2,' TALLER PEDAGÓGICO II ',3,'si'),('GBT222',23,2,' LECTURA Y ESCRITURA INICIAL ',4,'si'),('GBT223',23,2,' ENSEÑANZA DE ELEMENTOS DE ESTADÍSTICA Y PROBABILIDADES ',4,'si'),('GBT224',23,2,' GEOGRAFÍA Y FORMACIÓN CIUDADANA ',3,'si'),('GBT225',23,2,' CIENCIAS DE LA TIERRA Y EL UNIVERSO ',5,'si'),('GBT226',23,2,' TALLER PEDAGÓGICO IV ',6,'si'),('GEO111',16,2,' INTRODUCCIÓN AL CÁLCULO ',3,'si'),('GEO112',16,2,' ÁLGEBRA Y GEOMETRÍA ',5,'si'),('GEO121',16,2,' FÍSICA I ',6,'si'),('GEO122',16,2,' CÁLCULO DIFERENCIAL E INTEGRAL ',6,'si'),('GEO123',16,2,' ÁLGEBRA LINEAL ',4,'si'),('GEO124',16,2,' QUÍMICA GENERAL II ',2,'si'),('GEO125',16,2,' GEOLOGÍA GENERAL ',6,'si'),('GEO211',16,2,' FÍSICA II ',2,'si'),('GEO212',16,2,' CÁLCULO EN VARIAS VARIABLES  ',4,'si'),('GEO213',16,2,' INTRODUCCIÓN AL ANÁLISIS DE DATOS ',6,'si'),('GEO214',16,2,' TERMODINAMICA ',6,'si'),('GEO221',16,2,' FUNDAMENTOS DE GEOFÍSICA ',2,'si'),('GEO222',16,2,' GEOQUÍMICA ',2,'si'),('GEO223',16,2,' FUNDAMENTOS DE PETROLOGÍA ',4,'si'),('GEO224',16,2,' GEOLOGÍA ESTRUCTURAL ',2,'si'),('GEO225',16,2,' CARTOGRAFÍA Y HERRAMIENTAS SIG ',5,'si'),('GEO226',16,2,' GEOMORFOLOGÍA ',6,'si'),('GEO321',16,2,' EVALUACIÓN DE PROYECTOS SUSTENTABLES ',4,'si'),('GEO322',16,2,' VOLCANOLOGÍA FÍSICA ',6,'si'),('GEO323',16,2,' GEOPATRIMONIO: CONSERVACIÓN Y TURISMO ',4,'si'),('GEO324',16,2,' PRÁCTICA I ',4,'si'),('GEO325',16,2,' GEOLOGIA APLICADA ',2,'si'),('IAC121',10,2,' ELECTROTECNIA Y ELECTRÓNICA ',4,'si'),('IAC122',10,2,' INTRODUCCIÓN AL CONTROL AUTOMÁTICO ',2,'si'),('IAC123',10,2,' MATEMÁTICA PARA LA AUTOMATIZACIÓN II ',3,'si'),('IAC124',10,2,' DIBUJO TÉCNICO ',3,'si'),('IAC125',10,2,' FÍSICA MECÁNICA ',4,'si'),('IAC221',10,2,' PROCESOS PRODUCTIVOS ',4,'si'),('IAC222',10,2,' SISTEMAS DE CONTROL I ',5,'si'),('IAC223',10,2,' INSTRUMENTACIÓN Y CONTROL II ',3,'si'),('IAC224',10,2,' REDES INDUSTRIALES ',6,'si'),('IAC225',10,2,' SISTEMAS HIDRÁULICOS Y NEUMÁTICOS ',2,'si'),('IAC321',10,2,' TALLER DE MEDICIÓN Y MANTENIMIENTO DE SISTEMAS ',6,'si'),('IAC322',10,2,' TÓPICOS AVANZADOS DE CONTROL AUTOMÁTICO ',2,'si'),('IAC323',10,2,' SISTEMAS ELECTRÓNICOS PROGRAMABLES ',5,'si'),('IAC324',10,2,' MÓDULO INTEGRADOR II ',5,'si'),('IAC325',10,2,' ALGORITMOS Y PROGRAMACIÓN ',3,'si'),('IAC421',10,2,' MÓDULO INTEGRADOR PROFESIONAL ',4,'si'),('IAC422',10,2,' PROYECTO DE AUTOMATIZACIÓN ',4,'si'),('IAC423',10,2,' GESTIÓN DE MANTENIMIENTO ',5,'si'),('IBI321',44,2,' PROSPECCIÓN Y EVALUACIÓN DE RECURSOS NATURALES ',3,'si'),('IBI422',44,2,' MANEJO DE AMBIENTES BIODEGRADADOSIODNABUNNEES ',5,'si'),('IBI512',44,2,' ANÁLISIS DE RIESGOS Y BIOÉTICAS NATURALES ',6,'si'),('IBI522',44,2,' PRÁCTICA DE TITULACIÓN V ',3,'si'),('IBT112',44,2,' BIOMATEMÁTICAS I ',4,'si'),('IBT121',44,2,' BIOFÍSICA ',2,'si'),('IBT122',44,2,' BIOMATEMÁTICAS II ',4,'si'),('IBT123',44,2,' BIOMOLÉCULAS ',6,'si'),('IBT124',44,2,' ZOOLOGÍA ',2,'si'),('IBT125',44,2,' BIOÉTICA CIENTÍFICA ',6,'si'),('IBT126',44,2,' LABORATORIO BIOTECNOLÓGICO II ',4,'si'),('IBT211',44,2,' BIOMATEMATICAS III ',2,'si'),('IBT221',44,2,' TERMODINÁMICA ',2,'si'),('IBT222',44,2,' FISIOLOGÍA VEGETAL ',2,'si'),('IBT223',44,2,' MICROBIOLOGÍA II ',3,'si'),('IBT224',44,2,' FISIOLOGÍA ANIMAL II ',3,'si'),('IBT225',44,2,' SELECCIÓN ASISTIDA POR MARCADORES MOLECULARES ',3,'si'),('IBT226',44,2,' METODOLOGÍA DE LA INVESTIGACIÓN (HITO 1) ',3,'si'),('IBT227',44,2,' LABORATORIO BIOTECNOLÓGICO IV (PRÁCTICA INICIAL) ',2,'si'),('IBT321',44,2,' FERMENTACIONES ',2,'si'),('IBT322',44,2,' BIOTECNOLOGÍA VEGETAL ',6,'si'),('IBT323',44,2,' FARMACOLOGÍA ',4,'si'),('IBT324',44,2,' INGENIERÍA GENÉTICA ',2,'si'),('IBT325',44,2,' DISEÑO EXPERIMENTAL ',3,'si'),('IBT326',44,2,' LABORATORIO BIOTECNOLÓGICO VI ',5,'si'),('IBT421',44,2,' CONTROL DE CALIDAD ',2,'si'),('IBT422',44,2,' BIOPRODUCTOS NUTRACÉUTICOS ',6,'si'),('IBT423',44,2,' INTERACCIONES PATOGÉNICAS ',3,'si'),('IBT424',44,2,' EVALUACIÓN DE PROYECTOS ',6,'si'),('IBT425',44,2,' SEMINARIO DE GRADO (HITO 2) ',6,'si'),('ICE111',14,2,' ÁLGEBRA ',2,'si'),('ICE112',14,2,' CÁLCULO I ',5,'si'),('ICE121',14,2,' ÁLGEBRA LINEAL ',5,'si'),('ICE122',14,2,' CÁLCULO II ',5,'si'),('ICE123',14,2,' QUÍMICA ',4,'si'),('ICE124',14,2,' PROGRAMACIÓN APLICADA A LA RESOLUCIÓN DE PROBLEMAS DE INGENIERÍA CIVIL ELECTRÓNICA ',5,'si'),('ICE211',14,2,' CÁLCULO III ',5,'si'),('ICE212',14,2,' FÍSICA I ',3,'si'),('ICE213',14,2,' PROBABILIDAD Y ESTADÍSTICA ',2,'si'),('ICE221',14,2,' ECUACIONES DIFERENCIALES ',2,'si'),('ICE222',14,2,' FÍSICA II ',2,'si'),('ICE223',14,2,' COMPORTAMIENTO EN LA INGENIERÍA CIVIL ELECTRÓNICA ',2,'si'),('ICE224',14,2,' MÓDULO INTEGRADOR DE CIENCIAS BÁSICAS ',5,'si'),('ICE321',14,2,' SISTEMAS LINEALES DINÁMICOS ',3,'si'),('ICE322',14,2,' TEORÍA DE CIRCUITOS II ',3,'si'),('ICE323',14,2,' CIRCUITOS DIGITALES ',5,'si'),('ICE324',14,2,' OPTIMIZACIÓN ',2,'si'),('ICE325',14,2,' CÁLCULO NUMÉRICO ',3,'si'),('ICE421',14,2,' SISTEMAS DE CONTROL II ',5,'si'),('ICE422',14,2,' LABORATORIO DE CIRCUITOS DIGITALES ',6,'si'),('ICE423',14,2,' ARQUITECTURA DE COMPUTADORES ',5,'si'),('ICE424',14,2,' NETWORKING I ',3,'si'),('ICE425',14,2,' MÓDULO INTEGRADOR LICENCIATURA (PRÁCTICA 1: INICIAL) ',6,'si'),('ICE521',14,2,' ELECTRÓNICA DE POTENCIA ',5,'si'),('ICE522',14,2,' SISTEMAS HIDRÁULICOS Y NEUMÁTICOS ',3,'si'),('ICE523',14,2,' MACHINE LEARNING ',3,'si'),('ICE524',14,2,' FORMULACIÓN Y EVALUACIÓN DE PROYECTOS ',2,'si'),('ICE525',14,2,' SEGURIDAD EN TELECOMUNICACIONES ',6,'si'),('ICE613',14,2,' MÓDULO INTEGRADOR FORMACIÓN PROFESIONAL ',4,'si'),('ICE621',14,2,' ANALISIS WAVELET DE SEÑALES ',5,'si'),('ICE622',14,2,' PROYECTOS DE AUTOMATIZACIÓN ',6,'si'),('ICM321',32,2,' GESTIÓN DE PERSONAS ',3,'si'),('ICM322',32,2,' CÁLCULO FINANCIERO Y PRESUPUESTARIO ',6,'si'),('ICM323',32,2,' ORGANIZACIÓN INDUSTRIAL ',2,'si'),('ICM324',32,2,' CONTABILIDAD DE GESTIÓN ',4,'si'),('ICM325',32,2,' EMPRENDIMIENTO ',5,'si'),('ICM421',32,2,' PRÁCTICA INICIAL ',4,'si'),('ICM422',32,2,' IMPLEMENTACIÓN ESTRATÉGICA ',3,'si'),('ICM423',32,2,' GESTIÓN DE OPERACIONES ',2,'si'),('ICM424',32,2,' INVESTIGACIÓN DE MERCADOS ',3,'si'),('ICM425',32,2,' FORMULACIÓN Y EVALUACIÓN DE PROYECTOS ',2,'si'),('ICN124',7,2,' QUÍMICA DE LOS MATERIALES ',2,'si'),('ICN212',7,2,' CÁLCULO III ',5,'si'),('ICN221',7,2,' INTRODUCCIÓN A LA GESTIÓN ECONÓMICA EN LA INDUSTRIA DE LA CONSTRUCCIÓN ',5,'si'),('ICN222',7,2,' CÁLCULO IV ',2,'si'),('ICN223',7,2,' ELECTROMAGNETISMO Y ELECTROTECNIA ',3,'si'),('ICN224',7,2,' MECÁNICA ',2,'si'),('ICN225',7,2,' C.A.D. ',5,'si'),('ICN226',7,2,' MÓDULO INTEGRADOR DE CIENCIAS BÁSICAS ',5,'si'),('ICN321',7,2,' CONSTRUCCIONES HIDRÁULICAS ',4,'si'),('ICN322',7,2,' ESTABILIDAD ',6,'si'),('ICN323',7,2,' CONSTRUCCIONES VIALES I ',4,'si'),('ICN324',7,2,' TOPOGRAFÍA DE OBRAS ',6,'si'),('ICN325',7,2,' MECÁNICA DE SUELOS ',6,'si'),('ICN421',7,2,' CONSTRUCCIÓN EN ACERO ',5,'si'),('ICN422',7,2,' DISEÑO Y CONSTRUCCIÓN DE INSTALACIONES DE GAS Y ELECTRICIDAD ',2,'si'),('ICN423',7,2,' DISEÑO Y CONSTRUCCIÓN DE INSTALACIONES SANITARIAS ',6,'si'),('ICN424',7,2,' EDIFICACIÓN I ',3,'si'),('ICN425',7,2,' MÓDULO INTEGRADOR DE LICENCIATURA ',4,'si'),('ICN522',7,2,' ELECTIVO II ',2,'si'),('ICN523',7,2,' MÓDULO INTEGRADOR DE FORMACIÓN PROFESIONAL (PRÁCTICA 2: PROFESIONAL) ',6,'si'),('ICN525',7,2,' ELECTIVO I: GESTION DE LA CALIDAD EN INGENIERÍA ',4,'si'),('ICN527',7,2,' ELECTIVO II: BIM E INDUSTRIALIZACIÓN ',6,'si'),('ICN528',7,2,' ELECTIVO I: EMPRENDIMIENTO ',5,'si'),('ICT121',7,2,' ÁLGEBRA PARA LA CONSTRUCCIÓN ',4,'si'),('ICT122',7,2,' CÁLCULO PARA LA CONSTRUCCIÓN I ',2,'si'),('ICT123',7,2,' FÍSICA PARA LA CONSTRUCCIÓN I ',4,'si'),('ICT124',7,2,' CONSTRUCCIÓN GENERAL ',4,'si'),('ICV111',13,2,' CÁLCULO I ',2,'si'),('ICV112',13,2,' ÁLGEBRA ',3,'si'),('ICV121',13,2,' CÁLCULO II ',4,'si'),('ICV122',13,2,' ÁLGEBRA LINEAL ',5,'si'),('ICV123',13,2,' PROBABILIDAD Y ESTADÍSTICA ',5,'si'),('ICV124',13,2,' BIM ',5,'si'),('ICV125',13,2,' PRODUCCIÓN DE TEXTOS PARA LA I+D+I ',4,'si'),('ICV211',13,2,' CÁLCULO III ',5,'si'),('ICV212',13,2,' QUÍMICA ',2,'si'),('ICV213',13,2,' ESTÁTICA ',6,'si'),('ICV221',13,2,' ECUACIONES DIFERENCIALES ',6,'si'),('ICV222',13,2,' CIENCIA DE LOS MATERIALES ',5,'si'),('ICV223',13,2,' CINEMÁTICA Y DINÁMICA ',2,'si'),('ICV224',13,2,' INVESTIGACIÓN DE OPERACIONES  ',6,'si'),('ICV225',13,2,' COMPORTAMIENTO EN LA INGENIERÍA CIVIL ',2,'si'),('ICV226',13,2,' MÓDULO INTEGRADOR DE CS. BÁSICAS ',6,'si'),('ICV311',13,2,' CÁLCULO NUMÉRICO ',2,'si'),('ICV313',13,2,' ELECTROMAGNETISMO Y ELECTROTECNIA ',6,'si'),('ICV321',13,2,' MECÁNICA DE FLUIDOS ',2,'si'),('ICV322',13,2,' TECNOLOGÍA DE HORMIGÓN ',4,'si'),('ICV323',13,2,' ANÁLISIS ESTRUCTURAL ',4,'si'),('ICV324',13,2,' MECÁNICA DE SUELOS ',6,'si'),('ICV325',13,2,' CONTABILIDAD Y FINANZAS ',6,'si'),('ICV421',13,2,' HIDROLOGÍA ',5,'si'),('ICV422',13,2,' CONTRUCCIÓN DE HORMIGÓN ',6,'si'),('ICV423',13,2,' DISEÑO DE HORMIGÓN ARMADO ',2,'si'),('ICV424',13,2,' INGENIERÍA DEL TRANSPORTE ',4,'si'),('ICV425',13,2,' MÓDULO INTEGRADOR DE LICENCIATURA (PRÁCTICA I: INICIAL) ',4,'si'),('ICV516',13,2,' CONSTRUCCIÓN EN ACERO ',2,'si'),('ICV520',13,2,' DISEÑO EN ACERO ',6,'si'),('ICV529',13,2,' DISEÑO GEOMETRICO DE PAVIMENTO ',6,'si'),('ICV530',13,2,' DISEÑO URBANO SUSTENTABLE ',6,'si'),('ICV531',13,2,' TECNOLOGIA DEL ASFALTO ',3,'si'),('ICV532',13,2,' CONSTRUCCIÓN SUSTENTABLE ',6,'si'),('ICV533',13,2,' GESTION LEAN DE PROYECTOS DE CONSTRUCCIÓN ',6,'si'),('ICV534',13,2,' GESTION FINANCIERA DE PROYECTOS ',3,'si'),('ICV536',13,2,' GESTION DE SISTEMAS HÍDRICOS ',2,'si'),('ICV537',13,2,' PRINCIPIOS DE MODELACIÓN DE SISTEMAS HÍDRICOS ',6,'si'),('ICV538',13,2,' PROCESOS CONVENCIONALES DE TRATAMIENTO ',3,'si'),('ICV539',13,2,' INGENIERÍA HIDRÁULICA AVANZADA ',3,'si'),('ICV540',13,2,' OBRAS MARÍTIMAS ',2,'si'),('ICV541',13,2,' DISEÑO ESTRUCTURAL DE PAVIMENTOS ',3,'si'),('ICV611',13,2,' MÓDULO INTEGRADOR FORMACIÓN PROFESIONAL (PRÁCTICA 2: PROFESIONAL) ',4,'si'),('IEG121',9,2,' TOPOGRAFÍA I ',4,'si'),('IEG122',9,2,' CARTOGRAFÍA  ',6,'si'),('IEG123',9,2,' TALLER DE INSTRUMENTOS TOPOGRÁFICOS ',2,'si'),('IEG124',9,2,' MATEMÁTICAS PARA GEOMENSURA II ',4,'si'),('IEG125',9,2,' LENGUAJE DE PROGRAMACIÓN ',5,'si'),('IEG221',9,2,' TOPOGRAFÍA EN MINERÍA ',4,'si'),('IEG222',9,2,' CATASTRO Y PLANIFICACIÓN TERRITORIAL ',3,'si'),('IEG223',9,2,' GEODESIA ',2,'si'),('IEG224',9,2,' PREVENCIÓN DE RIESGOS ',6,'si'),('IEG321',9,2,' PERCEPCIÓN REMOTA (TELEDETECCIÓN) ',4,'si'),('IEG322',9,2,' HIDROLOGÍA Y OBRAS DE RIEGO ',2,'si'),('IEG323',9,2,' SISTEMAS DE INFORMACIÓN GEOGRÁFICAS ',6,'si'),('IEG324',9,2,' MÓDULO INTEGRADOR II ',2,'si'),('IEG325',9,2,' AJUSTES DE OBSERVACIONES GEODÉSICAS ',4,'si'),('IEG421',9,2,' MÓDULO INTEGRADOR PROFESIONAL (PRÁCTICA) ',3,'si'),('IEG422',9,2,' DISEÑO GEOMÉTRICO DE OBRAS VIALES ',3,'si'),('IEG423',9,2,' GEODESIA SATELITAL ',6,'si'),('IEI121',8,2,' ÁLGEBRA II ',4,'si'),('IEI122',8,2,' CÁLCULO II ',5,'si'),('IEI123',8,2,' PROGRAMACIÓN ',2,'si'),('IEI124',8,2,' LÓGICA PARA CIENCIA DE LA COMPUTACIÓN ',4,'si'),('IEI221',8,2,' ARQUITECTURA DE COMPUTADORES ',4,'si'),('IEI222',8,2,' SISTEMAS DE INFORMACIÓN ',6,'si'),('IEI223',8,2,' MODELAMIENTO DE DATOS ',3,'si'),('IEI224',8,2,' MÓDULO INTEGRADOR DISCIPLINAR (MIDI) ',6,'si'),('IEI328',8,2,' REDES AVANZADAS ',6,'si'),('IEI329',8,2,' INGENIERIA DE SOFWARE II ',3,'si'),('IEI330',8,2,' PROGRAMACIÓN AVANZADA ',6,'si'),('IEI331',8,2,' ELECTIVO 1: BASE DE DATOS AVANZADA ',2,'si'),('IEI332',8,2,' ELECTIVO I: DESARROLLO DE APLICACIONES MÓVILES ',2,'si'),('IEJ121',11,2,' GESTIÓN DE INVENTARIO Y ABASTECIMIENTO ',4,'si'),('IEJ122',11,2,' ESTRATEGIAS DE MARKETING ',2,'si'),('IEJ123',11,2,' MATEMÁTICA PARA LA EJECUCIÓN INDUSTRIAL ',3,'si'),('IEJ124',11,2,' RECURSOS HUMANOS ',4,'si'),('IEJ221',11,2,' PROCESOS INDUSTRIALES ',3,'si'),('IEJ222',11,2,' CONTABILIDAD Y FINANZAS APLICADAS A LA EJECUCIÓN INDUSTRIAL ',5,'si'),('IEJ223',11,2,' ESTADÍSTICA APLICADA ',6,'si'),('IEJ224',11,2,' DESARROLLO PERSONAL Y LIDERAZGO ',4,'si'),('IES121',17,2,' CÁLCULO I ',2,'si'),('IES122',17,2,' ÁLGEBRA Y MATRICES ',6,'si'),('IES123',17,2,' PROGRAMACIÓN ',4,'si'),('IES124',17,2,' INTRODUCCIÓN A LAS PROBABILIDADES ',4,'si'),('IES125',17,2,' TALLER DE COMUNICACIÓN ORAL Y ESCRITA ',2,'si'),('IES211',17,2,' CÁLCULO II ',4,'si'),('IES221',17,2,' CÁLCULO III ',4,'si'),('IES222',17,2,' INFERENCIA ESTADÍSTICA ',6,'si'),('IES223',17,2,' ENTORNO ECONÓMICO ',2,'si'),('IES224',17,2,' MANEJO DE SOFTWARES ESTADÍSTICOS ',3,'si'),('IES225',17,2,' CONSULTORÍA ESTADÍSTICA ',2,'si'),('IES315',17,2,' ESTADÍSTICA NO PARAMÉTRICA ',4,'si'),('IES321',17,2,' BIG DATA ',5,'si'),('IES322',17,2,' ESTADÍSTICA COMPUTACIONAL ',2,'si'),('IES323',17,2,' MODELOS LINEALES ',2,'si'),('IES324',17,2,' DIRECCIÓN FINANCIERA Y EVALUACIÓN DE PROYECTOS ',6,'si'),('IES325',17,2,' CONTROL ESTADÍSTICO DE PROCESOS ',4,'si'),('IES413',17,2,' DISEÑO DE EXPERIMENTOS ',5,'si'),('IES421',17,2,' DATA SCIENCE ',3,'si'),('IES422',17,2,' MODELOS LINEALES GENERALIZADOS ',5,'si'),('IES423',17,2,' CONSULTORÍA ESTADÍSTICA II ',3,'si'),('IES424',17,2,' ECONOMETRÍA ',2,'si'),('IES425',17,2,' GEOESTADÍSTICA ',2,'si'),('IES513',17,2,' TALLER DE LIDERAZGO Y TRABAJO EN EQUIPO ',5,'si'),('IES521',17,2,' SEMINARIO DE INVESTIGACIÓN II ',5,'si'),('IES522',17,2,' ELECTIVO III DE PROFUNDIZACIÓN ',4,'si'),('IFG100',47,2,' INGLÉS I ',3,'si'),('IFG200',7,2,' INGLÉS II ',4,'si'),('IFG300',2,2,' INGLÉS III ',6,'si'),('IFG400',18,2,' INGLÉS IV ',3,'si'),('IMA121',18,2,' CÁLCULO I  ',6,'si'),('IMA122',18,2,' ÁLGEBRA I  ',2,'si'),('IMA123',18,2,' FÍSICA I ',6,'si'),('IMA124',18,2,' FUNDAMENTOS DE LA  ECONOMÍA I  ',3,'si'),('IMA125',18,2,' COMPUTACIÓN I ',5,'si'),('IMA221',18,2,' ECUACIONES DIFERENCIALES ORDINARIAS ',3,'si'),('IMA222',18,2,' ÁLGEBRA III ',4,'si'),('IMA223',18,2,' FÍSICA III ',5,'si'),('IMA224',18,2,' QUÍMICA ',3,'si'),('IMA225',18,2,' COMPUTACIÓN III ',6,'si'),('INC422',32,2,' DESARROLLO DE HABILIDADES DIRECTIVAS ',2,'si'),('INC427',32,2,' MÓDULO INTEGRATIVO ',4,'si'),('INC523',32,2,' ESTRATEGIAS FINANCIERAS ',5,'si'),('INC524',32,2,' CREACION DE EMPRESAS ',2,'si'),('INC525',32,2,' SEMINARIO DE TITULO II ',4,'si'),('IND111',15,2,' ÁLGEBRA ',6,'si'),('IND112',15,2,' CÁLCULO I ',2,'si'),('IND121',15,2,' ÁLGEBRA LINEAL ',3,'si'),('IND122',15,2,' CÁLCULO II ',6,'si'),('IND123',15,2,' QUÍMICA ',5,'si'),('IND124',15,2,' COMPUTACIÓN I ',4,'si'),('IND211',15,2,' CÁLCULO III ',3,'si'),('IND212',15,2,' FÍSICA I ',6,'si'),('IND213',15,2,' PROBABILIDADES Y ESTADÍSTICA ',2,'si'),('IND221',15,2,' ECUACIONES DIFERENCIALES ',6,'si'),('IND222',15,2,' FÍSICA II ',2,'si'),('IND223',15,2,' ANÁLISIS MULTIVARIADO ',4,'si'),('IND224',15,2,' MÓDULO INTEGRADOR DE CIENCIAS BÁSICAS ',4,'si'),('IND321',15,2,' ELECTRÓNICA INDUSTRIAL Y AUTOMATIZACIÓN ',3,'si'),('IND322',15,2,' LOGÍSTICA ',3,'si'),('IND323',15,2,' ECONOMÍA ',4,'si'),('IND324',15,2,' CONTABILIDAD Y FINANZAS ',3,'si'),('IND325',15,2,' BASE DE DATOS ',2,'si'),('IND421',15,2,' GESTIÓN DE OPERACIONES ',6,'si'),('IND422',15,2,' CONTROL DE GESTIÓN ',5,'si'),('IND423',15,2,' DESARROLLO PERSONAL Y LIDERAZGO ',5,'si'),('IND424',15,2,' CREATIVIDAD Y PROTOTIPAJE DE NEGOCIOS ',2,'si'),('IND425',15,2,' MOÓDULO INTEGRADOR LICENCIATURA ',3,'si'),('IND521',15,2,' GESTIÓN DE LA CALIDAD PRODUCCIÓN Y MANTENCIÓN ',4,'si'),('IND522',15,2,' ELECTIVO FORMULACIÓN Y EVALUACIÓN DE PROYECTOS ',5,'si'),('IND523',15,2,' PLANIFICACIÓN ESTRATÉGICA Y GESTIÓN DE NEGOCIO ',5,'si'),('IND524',15,2,' GESTIÓN DE PROYECTOS I+D+I+E ',5,'si'),('IND525',15,2,' INTELIGENCIA COMPETITIVIDAD Y VIGILANCIA TECNOLÓGICA ',5,'si'),('IND613',15,2,' MÓDULO INTEGRADOR FORMACIÓN PROFESIONAL (PRÁCTICA 2, PROFESIONAL) ',6,'si'),('INF111',6,2,' ÁLGEBRA I ',5,'si'),('INF112',6,2,' CÁLCULO I ',2,'si'),('INF121',6,2,' ÁLGEBRA II ',2,'si'),('INF122',6,2,' CÁLCULO II ',3,'si'),('INF123',6,2,' PROGRAMACIÓN ',2,'si'),('INF124',6,2,' COMPRENSIÓN LECTORA Y PRODUCCIÓN DE TEXTOS ',3,'si'),('INF211',6,2,' FÍSICA I ',2,'si'),('INF212',6,2,' CÁLCULO III ',2,'si'),('INF213',6,2,' ESTRUCTURAS DE DATOS ',4,'si'),('INF221',6,2,' FÍSICA II ',2,'si'),('INF222',6,2,' ECUACIONES DIFERENCIALES ',3,'si'),('INF223',6,2,' PROGRAMACIÓN AVANZADA ',2,'si'),('INF224',6,2,' LÓGICA PARA CIENCIAS DE LA COMPUTACIÓN ',3,'si'),('INF225',6,2,' ARQUITECTURA DE COMPUTADORES ',3,'si'),('INF226',6,2,' MÓDULO INTEGRADOR DE CIENCIAS BÁSICAS ',6,'si'),('INF321',6,2,' COMPUTACIÓN NUMÉRICA ',4,'si'),('INF322',6,2,' INVESTIGACIÓN DE OPERACIONES ',5,'si'),('INF323',6,2,' TEORÍA DE LA COMPUTACIÓN ',6,'si'),('INF324',6,2,' BASE DE DATOS ',4,'si'),('INF325',6,2,' SISTEMAS OPERATIVOS ',2,'si'),('INF421',6,8,'Modulo Integrador Licenciatura',0,'NO'),('INF422',6,2,' CONTABILIDAD Y FINANZAS ',5,'si'),('INF423',6,2,' INTELIGENCIA ARTIFICIAL ',2,'si'),('INF424',6,2,' INGENIERÍA DE SOFTWARE I ',2,'si'),('INF425',6,2,' REDES AVANZADAS ',2,'si'),('INF521',6,2,' RECURSOS HUMANOS Y LEGISLACIÓN ',3,'si'),('INF522',6,2,' GESTIÓN INFORMÁTICA II ',4,'si'),('INF524',6,2,' TALLER DE DESARROLLO DE SOFTWARE ',6,'si'),('INF525',6,2,' SEGURIDAD DE LA INFORMACIÓN ',3,'si'),('INF526',6,2,' DESARROLLO DE APLICACIONES MÓVILES ',4,'si'),('INF527',6,2,' INTRODUCCIÓN A LOS ENTERPRISE RESOURCE PLANNING ERP ',2,'si'),('INF528',6,2,' INTRODUCCIÓN A BLOCKCHAIN ',5,'si'),('INF613',6,2,' MÓDULO INTEGRADOR DE FORMACIÓN PROFESIONAL (PRÁCTICA 2: PROFESIONAL) ',5,'si'),('KLG121',38,2,' METODOLOGÍA DE LA INVESTIGACIÓN EN KINESIOLOGÍA ',5,'si'),('KLG122',38,2,' INTERPRETACIÓN DEL MOVIMIENTO Y LA FUNCIÓN ',4,'si'),('KLG123',38,2,' EXPLORACIÓN DEL MOVIMIENTO Y LA FUNCIÓN ',5,'si'),('KLG124',38,2,' INTRODUCCIÓN A LA KINESIOLOGÍA II ',4,'si'),('KLG125',38,2,' ASISTENCIA EN CENTROS DE BAJA COMPLEJIDAD II ',4,'si'),('KLG221',38,2,' DISEÑOS DE INVESTIGACIÓN E INFERENCIA ESTADÍSTICA ',5,'si'),('KLG222',38,2,' ANÁLISIS DEL MOVIMIENTO EN EL CICLO VITAL ',3,'si'),('KLG223',38,2,' RIESGO DE DISFUNCIÓN EN EL CICLO VITAL ',3,'si'),('KLG224',38,2,' HITO EVALUATIVO I ',4,'si'),('KLG225',38,2,' INTERACCIÓN EN CENTROS DE MEDIANA COMPLEJIDAD ',6,'si'),('KLG321',38,2,' EJECUCIÓN DE INVESTIGACIÓN EN KINESIOLOGÍA ',3,'si'),('KLG322',38,2,' MECANISMOS FISIOLÓGICOS DE DISFUNCIÓN EN SISTEMAS II ',4,'si'),('KLG323',38,2,' DIAGNÓSTICO E INTERVENCIÓN ',2,'si'),('KLG324',38,2,' DESEMPEÑO PROFESIONAL TUTOREADO II ',3,'si'),('KLG421',38,2,' INFORME DE LICENCIATURA E INVESTIGACIÓN EN KINESIOLOGÍA  ',2,'si'),('KLG422',38,2,' DISCIPLINA Y FUNDAMENTOS EN TÓPICOS EMERGENTES ',3,'si'),('KLG423',38,2,' INTERVENCIÓN PROBLEMATIZADA EN CONTEXTOS DE DEPENDENCIA ',6,'si'),('KLG424',38,2,' ELECTIVO I ',6,'si'),('KLG425',38,2,' HITO EVALUATIVO II ',3,'si'),('KLG426',38,2,' DESEMPEÑO PROFESIONAL SUPERVISADO II ',6,'si'),('KLG427',38,2,' TERAPIA MANUAL EN ALTERACIONES DEL MOVIMIENTO ',3,'si'),('KLG428',38,2,' MODELOS DE RACIONALIDADES PROFESIONALES ',6,'si'),('KLG521',38,2,' UNIDAD DE INVESTIGACIÓN II ',4,'si'),('KLG522',38,2,' PROGRAMA PROFESIONAL INTESIVO II ',3,'si'),('KLG523',38,2,' ELECTIVO III ',4,'si'),('LCA321',27,2,' DIALECTOLOGÍA Y SOCIOLINGÜÍSTICA ',4,'si'),('LCA322',27,2,' LITERATURA CHILENA I ',6,'si'),('LCA323',27,2,' DIDÁCTICA DE LA PRODUCCIÓN DEL DISCURSO ESCRITO ',3,'si'),('LCA324',27,2,' GESTIÓN ESCOLAR ',5,'si'),('LCA325',27,2,' ORIENTACIÓN EDUCACIONAL Y VOCACIONAL ',3,'si'),('LCA326',27,2,' TALLER PEDAGÓGICO IV ',4,'si'),('LCA421',27,2,' DEBATES ACTUALES DE LOS ESTUDIOS LITERAR',3,'si'),('LCA422',27,2,' DIDÁCTICA MULTICULTURAL ',4,'si'),('LCA423',27,2,' LITERATURA CHILENA III ',6,'si'),('LCA424',27,2,' SÍNTESIS DE GRADO EN EDUCACIÓN ',5,'si'),('LCA425',27,2,' TALLER PEDAGÓGICO DE INVESTIGACIÓN II ',6,'si'),('LCC221',27,2,' FORMAS, CRITERIOS E INSTRUMENTOS ',6,'si'),('LCC321',27,2,' ORIENTACIÓN EDUCACIONAL E INCLUSIÓN PARA LA DIVERSIDAD ',2,'si'),('LCC413',27,2,' EXPANSIÓN DE SISTEMAS LITERARIOS NACIONALES. CHILE EN EL CONCIERTO HISPANOAMERICANO ',5,'si'),('LCC423',27,2,' CONSOLIDACIÓN DE SISTEMAS LITERARIOS NACIONALES. CHILE EN EL CONCIERTO HISPANOAMERICANO ',6,'si'),('LCC425',27,2,' DIDÁCTICA DE LAS TICS ',2,'si'),('LCC426',27,2,' PRÁCTICA INVESTIGATIVA ',2,'si'),('LEC121',27,2,' FONOLOGÍA Y MORFOLOGÍA DEL ESPAÑOL ',4,'si'),('LEC122',27,2,' LITERATURA ESPAÑOLA: MEDIOEVO Y SIGLO DE ORO ',6,'si'),('LEC123',27,2,' LITERATURA UNIVERSAL MODERNA Y CONTEMPORÁNEA ',4,'si'),('LEC124',27,2,' TALLER DE COMPETENCIAS COMUNICATIVAS II ',6,'si'),('LEC221',27,2,' GRAMÁTICA ESPAÑOLA II ',2,'si'),('LEC222',27,2,' LITERATURA ESPAÑOLA: MODERNA ',5,'si'),('LEC223',27,2,' LITERATURA LATINOAMERICANA II ',5,'si'),('LEC224',27,2,' DIDÁCTICA DE LA LITERATURA ',5,'si'),('LEC225',27,2,' SEMÁNTICA Y PRAGMÁTICA ',5,'si'),('LEC227',27,2,' TALLER PEDAGÓGICO II (HITO I) ',2,'si'),('MAC111',20,2,' ÁLGEBRA ',3,'si'),('MAC112',20,2,' GEOMETRÍA I ',6,'si'),('MAC121',20,2,' ÁLGEBRA LINEAL ',3,'si'),('MAC122',20,2,' GEOMETRÍA II ',5,'si'),('MAC123',20,2,' INTRODUCCIÓN AL CÁLCULO ',6,'si'),('MAC124',20,2,' PROGRAMACIÓN ',4,'si'),('MAC211',20,2,' TEORÍA DE NÚMEROS ',6,'si'),('MAC212',20,2,' GEOMETRÍA III ',4,'si'),('MAC213',20,2,' CÁLCULO DIFERENCIAL E INTEGRAL ',4,'si'),('MAC221',20,2,' ESTRUCTURAS ALGEBRAICAS I ',3,'si'),('MAC222',20,2,' ANÁLISIS DE DATOS ',6,'si'),('MAC223',20,2,' CÁLCULO EN VARIAS VARIABLES ',2,'si'),('MAC224',20,2,' DIDÁCTICA DE LA GEOMETRÍA ',3,'si'),('MAC225',20,2,' TALLER DE ESTRATEGIAS COMPUTACIONALES ',6,'si'),('MDN121',3,2,' ANATOMÍA Y EMBRIOLOGÍA I ',3,'si'),('MDN122',3,2,' BASES BIOLÓGICAS DE LA MEDICINA II ',2,'si'),('MDN123',3,2,' INFORMACIÓN Y COMUNICACIÓN MÉDICA ',4,'si'),('MDN124',3,2,' METODOLOGÍA DE LA INVESTIGACIÓN II ',6,'si'),('MDN125',3,2,' TALLER DE SALUD COMUNITARIA ',2,'si'),('MDN221',3,2,' HISTOLOGÍA MÉDICA ',2,'si'),('MDN222',3,2,' BASES NEURALES DE LA ADAPTACIÓN HUMANA ',2,'si'),('MDN223',3,2,' FISIOLOGÍA MÉDICA DE SISTEMAS ',2,'si'),('MDN224',3,2,' PATOLOGÍA Y FISIOPATOLOGÍA GENERAL ',4,'si'),('MDN225',3,2,' HITO EVALUATIVO DE INTEGRACIÓN PRECLÍNICA ',5,'si'),('MDN321',3,2,' CLÍNICAS INTEGRADAS I ',5,'si'),('MDN322',3,2,' MICROBIOLOGÍA II ',5,'si'),('MDN323',3,2,' BASES FARMACOLÓGICAS DE LA MEDICINA II ',2,'si'),('MDN324',3,2,' TALLER CLÍNICO INTEGRADO ',3,'si'),('MDN421',3,2,' CLÍNICAS INTEGRADAS III ',3,'si'),('MDN422',3,2,' SALUD MENTAL Y PSIQUIATRÍA ',4,'si'),('MDN423',3,2,' ÉTICA MÉDICA ',6,'si'),('MDN521',3,2,' CLÍNICAS INTEGRADAS V ',4,'si'),('MDN522',3,2,' PEDIATRÍA Y CIRUGÍA INFANTIL ',3,'si'),('MDN523',3,2,' HITO EVALUATIVO INTEGRACIÓN CLÍNICA ',4,'si'),('MED314',3,2,' FARMACOLOGÍA GENERAL II ',2,'si'),('MED325',3,2,' MICROBIOLOGIA Y PARASITOLOGIA I ',6,'si'),('MED423',3,2,' CLÍNICA INTEGRADAS I ',5,'si'),('MED521',3,2,' PEDIATRÍA Y CIRUGÍA INFANTIL ',6,'si'),('MED525',3,2,' CLÍNICAS INTEGRADAS V ',6,'si'),('MED615',3,2,' INTERNADO DE SALUD FAMILIAR ',3,'si'),('MED616',3,2,' INTERNADO OPTATIVO ',4,'si'),('MED617',3,2,' INTERNADO DE MEDICINA ',2,'si'),('MED618',3,2,' INTERNADO DE PEDIATRÍA ',3,'si'),('MED619',3,2,' INTERNADO DE CIRUGÍA ',4,'si'),('MED620',3,2,' INTERNADO DE OBSTETRICIA ',5,'si'),('MED621',3,2,' INTERNADO ESPACIALIDADES ',2,'si'),('MFG114',40,2,' INTRODUCCIÓN A LA FE ',4,'si'),('MFG214',23,2,' ÉTICA CRISTIANA ',5,'si'),('MFG216',22,2,' ÉTICA CRISTIANA ',2,'si'),('NUT121',39,2,' FISIOLOGÍA ',4,'si'),('NUT122',39,2,' BIOQUÍMICA ',2,'si'),('NUT123',39,2,' MICROBIOLOGÍA Y PARASITOLOGÍA ',4,'si'),('NUT124',39,2,' BROMATOLOGÍA Y TECNOLOGÍA DE LOS ALIMENTOS ',5,'si'),('NUT125',39,2,' FUNDAMENTOS DE LA ALIMENTACIÓN ',2,'si'),('NUT221',39,2,' DIETÉTICA EN EL CICLO VITAL ',2,'si'),('NUT222',39,2,' FISIOPATOLOGÍA Y FARMACOLOGÍA ',2,'si'),('NUT223',39,2,' GASTRONOMÍA ',5,'si'),('NUT224',39,2,' ASEGURAMIENTO DE LA CALIDAD EN ALIMENTACIÓN Y NUTRICIÓN ',3,'si'),('NUT225',39,2,' SALUD PÚBLICA Y POLÍTICAS ALIMENTARIO',6,'si'),('NUT321',39,2,' DIETOTERAPIA DEL ADULTO Y ADULTO MAYOR II ',6,'si'),('NUT322',39,2,' ÉTICA PROFESIONAL Y BIOÉTICA ',6,'si'),('NUT323',39,2,' EPIDEMIOLOGÍA ',6,'si'),('NUT324',39,2,' ADMINISTRACIÓN Y GESTIÓN EN SAN I ',5,'si'),('NUT325',39,2,' SALUD FAMILIAR ',4,'si'),('NUT326',39,2,' MARKETING Y EDUCACIÓN EN SALUD Y NUTRICIÓN ',2,'si'),('NUT421',39,2,' DIETOTERAPIA INFANTOJUVENIL II ',2,'si'),('NUT422',39,2,' NUTRICIÓN DEPORTIVA ',3,'si'),('NUT423',39,2,' PROYECTO DE INVESTIGACIÓN II ',4,'si'),('NUT424',39,2,' NUTRICIÓN INTEGRADA PROFESIONAL ',6,'si'),('OPP551',19,2,' NÚMEROS COMPLEJOS ',2,'si'),('OPP578',20,2,' GEOMETRÍA PLANA Y HERRAMIENTAS TECNOLÓGICAS ',2,'si'),('OPP590',21,2,' APOYOS PARA LA INTERVENCIÓN DEL LENGUAJE Y LA COMUNICACIÓN EN EL ADULTO MAYOR ',4,'si'),('OPP591',21,2,' DETECCIÓN E IDENTIFICACIÓN DE DIFICULTADES DEL LENGUAJE Y LA COMUNICACIÓN EN ADULTOS MAYORES ',5,'si'),('OPP593',21,2,' GESTIÓN EN LA ESCUELA ESPECIAL ',6,'si'),('OPP594',21,2,' GESTIÓN DE PROGRAMAS DE INTEGRACIÓN ESCOLAR ',3,'si'),('OPP596',21,2,' PROGRAMAS DE PREVENCIÓN E INTERVENCIÓN COGNITIVO, EMOCIONAL Y CONDUCTUAL PARA NIÑOS Y ADOLESCENTES ',3,'si'),('OPP601',1,2,' SALUD A LA COMUNIDAD ',5,'si'),('OPP602',1,2,' QUÍMICA ORGÁNICA II ',5,'si'),('OPP603',1,2,' MONITOREO  FISIOLÓGICO Y ANÁLISIS DE DATOS ',6,'si'),('OPP604',1,2,' EPIDEMIOLOGÍA ',3,'si'),('OPP605',1,2,' QUÍMICA ANALÍTICA ',4,'si'),('OPP606',1,2,' CIENCIAS MATERIALES  Y MECÁNICA CELULAR ',3,'si'),('PBM122',23,2,' FUNDAMENTOS PSICOLÓGICOS DE LA EDUCACIÓN ',4,'si'),('PBM321',23,2,' GESTIÓN ESCOLAR ',2,'si'),('PBM322',23,2,' ORIENTACIÓN EDUCACIONAL Y VOCACIONAL ',2,'si'),('PBM323',23,2,' DIDÁCTICA DE LA HISTORIA, LA GEOGRAFÍA Y CIENCIAS SOCIALES ',6,'si'),('PBM324',23,2,' DIDÁCTICA E HISTORIA DE LAS CIENCIAS NATURALES ',3,'si'),('PBM325',23,2,' TALLER PEDAGÓGICO VI ',2,'si'),('PBM421',23,2,' SÍNTESIS DE GRADO EN EDUCACIÓN ',4,'si'),('PBM422',23,2,' ACTIVIDAD CURRICULAR DE MENCIÓN 4 (ACM4) ',2,'si'),('PBM423',23,2,' TALLER PEDAGÓGICO VIII ',5,'si'),('PBM424',23,2,' LAS ARTES COMO ESTRATEGIAS EDUCATIVAS ',5,'si'),('PBM425',23,2,' ACTIVIDAD CURRICULAR DE MENCIÓN 4 (ACM4) ',6,'si'),('PBM426',23,2,' GRAMÁTICA COMUNICACIONAL Y ORTOGRAFÍA ',6,'si'),('PBM427',23,2,' ACTIVIDAD CURRICULAR DE MENCIÓN 3 (ACM3) ',6,'si'),('PBM428',23,2,' TALLER PEDAGÓGICO VIII ',5,'si'),('PBM429',23,2,' ACTIVIDAD CURRICULAR DE MENCIÓN 3 (ACM3) ',5,'si'),('PBM430',23,2,' ENSEÑANZA Y APRENDIZAJE DE LA GEOGRAFÍA Y LOS RIESGOS NATURALES ',3,'si'),('PBM521',23,2,' ACTIVIDAD CURRICULAR DE MENCIÓN 7 (ACM7) ',5,'si'),('PCI125',19,2,' FUNDAMENTOS SOCIOLÓGICOS DE LA EDUCACIÓN ',6,'si'),('PCI126',19,2,' FUNDAMENTOS PSICOLÓGICOS DE LA EDUCACIÓN ',4,'si'),('PCI232',19,2,' QUÍMICA ORGÁNICA ',3,'si'),('PCI321',19,2,' TERMODINÁMICA ',2,'si'),('PCI322',19,2,' ONDAS Y ÓPTICAS ',6,'si'),('PCI323',19,2,' DIDÁCTICA DE LA FÍSICA II ',2,'si'),('PCI324',19,2,' GESTIÓN ESCOLAR ',4,'si'),('PCI325',19,2,' ORIENTACIÓN EDUCACIONAL Y VOCACIONAL ',3,'si'),('PCI326',19,2,' PROCESOS QUÍMICOS ',4,'si'),('PCI327',19,2,' BIOQUÍMICA ',3,'si'),('PCI328',19,2,' DIDÁCTICA DE LA QUÍMICA II ',6,'si'),('PCI329',19,2,' ECOLOGÍA ',6,'si'),('PCI330',19,2,' GENÉTICA ',2,'si'),('PCI331',19,2,' DIDÁCTICA DE LA BIOLOGÍA II ',6,'si'),('PCI421',19,2,' INICIACIÓN A LA DOCENCIA (HITO II) ',4,'si'),('PCI422',19,2,' INTRODUCCIÓN A LA MECÁNICA CUÁNTICA ',3,'si'),('PCI423',19,2,' TALLER DE DISEÑO DE LABORATORIO ORIENTADO AL AULA ',3,'si'),('PCI424',19,2,' INICIACIÓN A LA INVESTIGACIÓN EN CIENCIAS ',5,'si'),('PCI425',19,2,' SÍNTESIS DE GRADO EN EDUCACIÓN ',4,'si'),('PCI426',19,2,' QUÍMICA AMBIENTAL ',4,'si'),('PCI427',19,2,' EVOLUCIÓN ',4,'si'),('PCM225',19,2,' EPISTEMOLOGÍA DE LAS CIENCIAS ',3,'si'),('PCM343',19,2,' FÍSICA COMPUTACIONAL ',2,'si'),('PCM419',19,2,' METODOLOGÍA DE INVESTIGACIÓN EN DIDÁCTICA DE LAS CIENCIAS EXPERIMENTALES ',3,'si'),('PCM511',19,2,' F',2,'si'),('PED221',24,2,' DISEÑO Y PLANIFICACIÓN CURRICULAR  ',5,'si'),('PED321',24,2,' GESTIÓN ESCOLAR ',6,'si'),('PED322',24,2,' ORIENTACIÓN EDUCACIONAL Y VOCACIONAL ',5,'si'),('PED323',24,2,' FAMILIA Y COMUNIDAD EDUCATIVA ',2,'si'),('PED324',24,2,' DIVERSIDAD E INCLUSIÓN EN LA EDUCACIÓN PARVULARIA ',4,'si'),('PED325',24,2,' ENSEÑANZA APRENDIZAJE DE LAS ARTES INTEGRADAS EN EDUCACIÓN PARVULARIA ',5,'si'),('PED326',24,2,' TEORÍAS Y POLÍTICAS PÚBLICAS DE SALUD INFANTIL ',5,'si'),('PED327',24,2,' ENFOQUES Y MÉTODOS DE ENSEÑANZA Y APRENDIZAJE DEL IDIOMA INGLÉS I ',6,'si'),('PED328',24,2,' PRÁCTICA PEDAGÓGICA EN NIVEL TRANSICIÓN ',6,'si'),('PEF121',22,2,' FUNDAMENTOS ANÁTOMO',3,'si'),('PEF122',22,2,' DIDÁCTICA DE LA EDUCACIÓN FÍSICA ',4,'si'),('PEF123',22,2,' EDUCACIÓN FÍSICA PARA UNA VIDA ACTIVA Y SALUDABLE ',5,'si'),('PEF124',22,2,' MOTRICIDAD EN LA INFANCIA ',4,'si'),('PEF221',22,2,' DANZAS FOLCLÓRICAS Y CULTURA POPULAR ',2,'si'),('PEF222',22,2,' PEDAGOGÍA DEL DEPORTE ',6,'si'),('PEF223',22,2,' DIDÁCTICA DEL ATLETISMO ',2,'si'),('PEF224',22,2,' DIDÁCTICA DEL BALONMANO ',3,'si'),('PEF225',22,2,' ACTIVIDADES MOTRICES EN CONTACTO CON LA NATURALEZA ',3,'si'),('PEF227',22,2,' TALLER PEDAGÓGICO II: PROFESIONALIZACIÓN DOCENTE ',5,'si'),('PEI123',26,2,' COMPETENCIAS COMUNICATIVAS EN INGLÉS II ',3,'si'),('PEI124',26,2,' GRAMÁTICA CONTEXTUALIZADAEN INGLÉS II ',4,'si'),('PEI125',26,2,' FONÉTICA INGLESA II ',3,'si'),('PEI126',26,2,' INTRODUCCIÓN A LA ENSEÑANZA APRENDIZAJE ',5,'si'),('PEI222',26,2,' COMPETENCIAS COMUNICATIVAS EN INGLÉS IV ',4,'si'),('PEI223',26,2,' MORFOSINTAXIS II ',5,'si'),('PEI224',26,2,' MODELOS Y ESTRATEGIAS EVALUATIVAS I ',4,'si'),('PEI225',26,2,' DIDÁCTICA DEL IDIOMA INGLÉS EN EDUCACIÓN BÁSICA I ',2,'si'),('PEI226',26,2,' PRÁCTICA PEDAGÓGICA: INTRODUCCIÓN A LA PROFESIÓN DOCENTE ',5,'si'),('PER323',47,2,' ATENCIÓN A LA DIVERSIDAD EN EDUCACIÓN RELIGIOSA Y FILOSÓFICA ',5,'si'),('PER324',47,2,' PROBLEMAS DE FILOSOFÍA CONTEMPORÁNEA ',5,'si'),('PER325',47,2,' DEMOCRACIA, CIUDADANÍA Y EDUCACIÓN ',3,'si'),('PER326',47,2,' PRÁCTICA INTERMEDIA II: GESTIÓN DEL APRENDIZAJE EN ORIENTACIÓN Y JEFATURA DE CURSO ',3,'si'),('PER421',47,2,' SÍNTESIS DE GRADO EN EDUCACIÓN ',5,'si'),('PER422',47,2,' DIDÁCTICA EN EDUCACIÓN RELIGIOSA ',3,'si'),('PER423',47,2,' MORAL FUNDAMENTAL ',4,'si'),('PER424',47,2,' LA CUESTIÓN DEL SER Y EL PENSAR ',2,'si'),('PER425',47,2,' ANALISIS ÉTICO POLÍTICO DE LA REALIDAD ',2,'si'),('PER426',47,2,' INTEGRACIÓN DEL SABER (HITO II) ',6,'si'),('PER427',47,2,' PRÁCTICA INTERMEDIA IV: INTEGRACIÓN PRÁCTICA REFLEXIVA: RELIGIÓN ',2,'si'),('PGB523',23,2,' ENSEÑANZA Y APRENDIZAJE DE LA REALIDAD ECONÓMICA EN EL MUNDO GLOBAL ',4,'si'),('PHG121',25,2,' HISTORIA DE OCCIDENTE MEDIEVAL ',4,'si'),('PHG122',25,2,' GEOGRAFÍA FÍSICA, CLIMAS E HIDROGRAFÍA DE CHILE Y EL MUNDO ',6,'si'),('PHG123',25,2,' SOCIOLOGÍA ',4,'si'),('PHG124',25,2,' PRÁCTICA I: IDENTIDAD, CREENCIAS Y ROL DOCENTE ',6,'si'),('PIN329',26,2,' ANÁLISIS CRÍTICO DEL DISCURSO ',6,'si'),('PIN330',26,2,' TEORÍA Y APLICACIÓN DE MÉTODOS Y ENFOQUES EN LA ENSEÑANZA DEL INGLÉS I ',6,'si'),('PIN331',26,2,' PRÁCTICA INVESTIGATIVO',3,'si'),('PIN426',26,2,' PROCESAMIENTO DE DATOS E INFORMACIÓN EDUCACIONAL: TÉCNICAS DE INVESTIGACIÓN CUANTITATIVA ',3,'si'),('PIN428',26,2,' CULTURA Y LITERATURA INGLESA ',2,'si'),('PIN430',26,2,' PRÁCTICA INVESTIGATIVO',5,'si'),('PMA226',20,2,' DISEÑO Y PLANIFICACIÓN CURRICULAR ',4,'si'),('PMA311',20,2,' ESTRUCTURAS ALGEBRAICAS II  ',6,'si'),('PMA316',20,2,' PRÁCTICA INTERMEDIA ',3,'si'),('PMA323',20,2,' DIDÁCTICA DE LA ESTADÍSTICA ',3,'si'),('PMA324',20,2,' ORIENTACIÓN EDUCACIONAL Y VOCACIONAL ',6,'si'),('PMA325',20,2,' GESTIÓN ESCOLAR  ',4,'si'),('PMA326',20,2,' MODELAMIENTO DE FENÓMENOS DE EVOLUCIÓN  ',6,'si'),('PMA327',20,2,' PROGRAMACIÓN EDUCATIVA Y REDES ',4,'si'),('PMA416',20,2,' TALLER DE ENSEÑANZA DE LA MATEMÁTICA Y LA COMPUTACIÓN I ',4,'si'),('PMA421',20,2,' INTEGRACIÓNDE SABERES EN CONTEXTOS MATEMÁTICOS ',2,'si'),('PMA423',20,2,' SÍNTESIS DE GRADO EN EDUCACIÓN ',2,'si'),('PMA424',20,2,' TALLER DE ENSEÑANZA DE LA MATEMÁTICA Y LA COMPUTACIÓN II  ',3,'si'),('PMC412',20,2,' DIDÁCTICA DEL CÁLCULO ',6,'si'),('PMC512',20,2,' PRÁCTICA PEDAGÓGICA ',3,'si'),('PSL121',40,2,' PROCESOS PSICOLÓGICOS I ',2,'si'),('PSL122',40,2,' PSICOLOGÍA SOCIAL I ',3,'si'),('PSL123',40,2,' PSICOLOGÍA EVOLUTIVA I ',2,'si'),('PSL124',40,2,' ENFOQUES PSICOLÓGICOS I ',2,'si'),('PSL125',40,2,' METODOLOGÍA DE INVESTIGACIÓN I ',3,'si'),('PSL221',40,2,' NEUROCIENCIAS COGNITIVAS ',6,'si'),('PSL222',40,2,' PSICOLOGÍA DEL APRENDIZAJE ',6,'si'),('PSL223',40,2,' PSICOLOGÍA EVOLUTIVA III ',6,'si'),('PSL224',40,2,' PERSONALIDAD ',4,'si'),('PSL225',40,2,' TALLER INTEGRATIVO I ',3,'si'),('PSL321',40,2,' PSICOLOGÍA CLÍNICA I ',3,'si'),('PSL322',40,2,' PSICOLOGÍA EDUCACIONAL II ',6,'si'),('PSL323',40,2,' PSICOLOGÍA ORGANIZACIONAL ',6,'si'),('PSL324',40,2,' TÉCNICAS E INSTRUMENTOS DE EVALUACIÓN PSICOLÓGICA I ',3,'si'),('PSL325',40,2,' PSICOLOGÍA JURÍDICA ',6,'si'),('PSL421',40,2,' TALLER DE INTERVENCIÓN CLÍNICA ',2,'si'),('PSL423',40,2,' TALLER DE INTERVENCIÓN ORGANIZACIONAL ',2,'si'),('PSL424',40,2,' SEMINARIO DE INVESTIGACIÓN ',3,'si'),('PSL425',40,2,' TALLER INTEGRATIVO II ',4,'si'),('PSL427',40,2,' ESTRATEGIAS SOCIO',4,'si'),('PSL428',40,2,' MALTRATO INFANTIL ',3,'si'),('PSL430',40,2,' CONTEXTOS DE DESARROLLO INFANTO ',4,'si'),('PSL522',40,2,' PROMOCION Y SALUD MENTAL INFANTO ',5,'si'),('PSL523',40,2,' APRENDIZAJE SOCIOEMOCIONAL EN CONTEXTO ESCOLAR ',6,'si'),('PSL524',40,2,' ESTRATEGIAS DE INTERVENCIÓN PSICOSOCIAL EN SALUD MENTAL CON PERSONAS MAYORES ',4,'si'),('QYF121',4,2,' QUÍMICA GENERAL II ',5,'si'),('QYF122',4,2,' BIOQUÍMICA GENERAL Y MOLECULAR ',3,'si'),('QYF123',4,2,' MORFOLOGIA HUMANA II ',4,'si'),('QYF124',4,2,' MATEMÁTICA II ',3,'si'),('QYF125',4,2,' FÍSICA APLICADA A LAS CS. FARMACÉUTICAS ',2,'si'),('QYF126',4,2,' INTRODUCCIÓN A LA FARMACIA Y LAS CIENCIAS II ',3,'si'),('QYF221',4,2,' ANÁLISIS INSTRUMENTAL PARA CS FARMACÉUTICAS ',3,'si'),('QYF222',4,2,' QUÍMICA ORGÁNICAFARMACÉUTICA II ',2,'si'),('QYF223',4,2,' INTRODUCCIÓN A LA INTERVENCIÓN FARMACOLÓGICA II ',5,'si'),('QYF224',4,2,' ELEMENTOS INMUNES DE LA TERAPÉUTICA ',5,'si'),('QYF225',4,2,' GENÉTICA Y GENÓMICA FARMACÉUTICA ',3,'si'),('QYF226',4,2,' TALLER DE FORMACIÓN FARMACÉUTICA ',4,'si'),('QYF321',4,2,' FARMACOQUÍMICA I ',6,'si'),('QYF322',4,2,' FARMACOGNOSIA ',4,'si'),('QYF323',4,2,' FUNDAMENTOS DE SALUD ALTERADA Y FÁRMACOS II ',2,'si'),('QYF324',4,2,' MICROBIOLOGÍA Y PARASITOLOGÍA ',4,'si'),('QYF325',4,2,' RELACIONES INTERPERSONALES ',6,'si'),('QYF326',4,2,' FARMACOLOGÍA II ',6,'si'),('QYF421',4,2,' NUTRICIÓN CLÍNICA ',4,'si'),('QYF423',4,2,' TECNOLOGÍA FARMACÉUTICA II ',4,'si'),('QYF424',4,2,' DISEÑO COMPUTACIONAL ',5,'si'),('QYF425',4,2,' BIOFARMACIA Y FARMACOCINÉTICA CLÍNICA ',4,'si'),('QYF426',4,2,' FARMACIA CLÍNICA I ',6,'si'),('QYF427',4,2,' LEGISLACIÓN FARMACÉUTICA ',6,'si'),('QYF428',4,2,' MANEJO DE EQUIPOS INTERDISCIPLINARIOS ',6,'si'),('QYF429',4,2,' ANÁLISIS DE MEDICAMENTOS II ',5,'si'),('QYF430',4,2,' ANÁLISIS DE MATERIAS PRIMAS ',6,'si'),('QYF523',4,2,' FARMACIA CLÍNICA III ',3,'si'),('QYF524',4,2,' ATENCIÓN FARMACÉUTICA ',6,'si'),('QYF525',4,2,' METODOLOGÍA DE PROYECTOS ',4,'si'),('QYF526',4,2,' COMPORTAMIENTO ORGANIZACIONAL ',6,'si'),('QYF527',4,2,' CONTROL DE CALIDAD ',2,'si'),('QYF528',4,2,' RECETARIO MAGISTRAL ',3,'si'),('REF123',47,2,' DESARROLLO RELIGIOSO ',3,'si'),('REF124',47,2,' ANTIGUA ALIANZA ',4,'si'),('REF125',47,2,' PENSAMIENTO CRÍTICO II ',3,'si'),('REF126',47,2,' ANTROPOLOGÍA FILOSÓFICA EN CONTEXTO ',4,'si'),('REF127',47,2,' PRÁCTICA INICIAL II: ACERCAMIENTO AL CONTEXTO ESCOLAR ',6,'si'),('REF222',47,2,' EL DIOS DE JESUCRISTO ',6,'si'),('REF223',47,2,' IGLESIA EN EL ACONTECER HISTÓRICO ',4,'si'),('REF224',47,2,' PROBLEMAS DE FILOSOFIA MEDIEVAL ',4,'si'),('REF225',47,2,' FILOSOFÍA Y ARTE ',5,'si'),('REF226',47,2,' INTEGRACIÓN DEL SABER (HITO 1) ',3,'si'),('REF227',47,2,' PRÁCTICA INICIAL IV: INSERCIÓN AL CONTEXTO EDUCATIVO EN RELIGIÓN Y FILOSOFÍA (COLEGIO CONFESIONAL) ',6,'si'),('RYF327',47,2,' FUNDAMENTOS TEOLOGÍA PASTORAL',4,'si'),('SFG216',9,2,' ÉTICA CRISTIANA  ',5,'si'),('SLG321',33,2,' POLÍTICAS PÚBLICAS, REGIÓN Y ESPACIO LOCAL ',4,'si'),('SLG322',33,2,' SOCIOLOGÍA PARA EL DESARROLLO Y EL POST DESARROLLO ',5,'si'),('SLG323',33,2,' ANÁLISIS DE DATOS CUANTITATIVOS I ',6,'si'),('SLG324',33,2,' ANÁLISIS DE DATOS CUALITATIVOS I ',5,'si'),('SLG325',33,2,' SOCIOLOGÍA DEL TERRITORIO II ',3,'si'),('SLG326',33,2,' TEORÍA SOCIOLÓGICA IV ',3,'si'),('SLG421',33,2,' TALLER DE PROYECTOS SOCIALES ',4,'si'),('SLG422',33,2,' SOCIOLOGÍA DEL MEDIOAMBIENTE ',2,'si'),('SLG423',33,2,' ANALISIS DE DATOS CUANTITATIVOS III ',3,'si'),('SOC321',33,2,' TEORÍA SOCIOLÓGICA DE SISTEMAS ',5,'si'),('SOC322',33,2,' SOCIOLOGÍA DE LA COMUNICACIÓN ',5,'si'),('SOC411',33,2,' TEORÍA SOCIOLOGÍA DEL SIMBOLO ',3,'si'),('SOC413',33,2,' SOCIOLOGÍA DEL TRABAJO ',2,'si'),('SOC414',33,2,' SOCIOLOGÍA DEL CONSUMO ',4,'si'),('SOC415',33,2,' DESARROLLO LOCAL ',2,'si'),('SOC416',33,2,' SOCIOLOGÍA DE LA CULTURA ',5,'si'),('SOC421',33,2,' TEORÍA ESTRUCTURALISTA Y POST ESTRUCTURALISTA ',5,'si'),('SOC423',33,2,' SOCIOLOGÍA DE LA EDUCACIÓN ',2,'si'),('SOC424',33,2,' OPINIÓN PÚBLICA ',4,'si'),('SOC427',33,2,' MÓDULO INTEGRATIVO I ',6,'si'),('SOC512',33,2,' INVESTIGACIÓN APLICADA I ',4,'si'),('SOC522',33,2,' INVESTIGACIÓN APLICADA II ',5,'si'),('SOC523',33,2,' ANÁLISIS AVANZADO DE DATOS II ',4,'si'),('TCE521',37,2,' GESTIÓN DEL CUIDADO II ',2,'si'),('TEM121',41,2,' BIOESTADÍSTICA EN TECNOLOGÍA MÉDICA ',3,'si'),('TEM122',41,2,' HISTOLOGÍA Y EMBRIOLOGÍA ',6,'si'),('TEM123',41,2,' QUÍMICA ORGÁNICA EN TECNOLOGÍA MÉDICA ',2,'si'),('TEM124',41,2,' FÍSICA EN TECNOLOGÍA MÉDICA ',3,'si'),('TEM221',41,2,' PSICOLOGÍA EN SALUD ',5,'si'),('TEM222',41,2,' FISIOPATOLOGÍA EN TECNOLOGÍA MÉDICA  ',3,'si'),('TEM223',41,2,' FARMACOLOGÍA ',4,'si'),('TEM224',41,2,' PROCEDIMIENTOS CLÍNICOS ',3,'si'),('TEM225',41,2,' LENGUA DE SEÑAS ',2,'si'),('TEM226',41,2,' SALUD PÚBLICA Y EPIDEMIOLOGÍA I ',3,'si'),('TEM227',41,2,' INTEGRACIÓN DE COMPETENCIAS I ',4,'si'),('TEM321',41,2,' ADMINISTRACIÓN EN SALUD ',2,'si'),('TEM322',41,2,' FISIOPATOLOGÍA DEL SISTEMA OCULAR ',4,'si'),('TEM323',41,2,' ESTUDIO DEL CAMPO VISUAL ',5,'si'),('TEM324',41,2,' FARMACOLOGÍA OCULAR ',2,'si'),('TEM325',41,2,' ESTRABISMO ',2,'si'),('TEM326',41,2,' CAMPO CLÍNICO I ',5,'si'),('TEM327',41,2,' RADIOLOGÍA II ',4,'si'),('TEM328',41,2,' FÍSICA APLICADA II ',4,'si'),('TEM329',41,2,' GESTIÓN INFORMÁTICA EN IMAGENOLOGÍA ',3,'si'),('TEM421',41,2,' METODOLOGÍA DE LA INVESTIGACIÓN ',5,'si'),('TEM422',41,2,' EXÁMENES Y TÉCNICAS DE APOYO REFRACTIVOS ',3,'si'),('TEM423',41,2,' OPTOMETRÍA II ',5,'si'),('TEM424',41,2,' BAJA VISIÓN ',2,'si'),('TEM425',41,2,' ATENCIÓN PRIMARIA OFTALMOLÓGICA ',6,'si'),('TEM427',41,2,' INTEGRACIÓN DE COMPETENCIAS II ',5,'si'),('TEM428',41,2,' ECOTOMOGRAFÍA ',5,'si'),('TEM429',41,2,' RADIOTERAPIA ',5,'si'),('TEM430',41,2,' RESONANCIA MAGNÉTICA ',4,'si'),('TST121',34,2,' DESARROLLO ECONÓMICO ',6,'si'),('TST122',34,2,' PSICOLOGÍA SOCIAL ',3,'si'),('TST123',34,2,' EPISTEMOLOGÍA DE LAS CIENCIAS SOCIALES ',3,'si'),('TST124',34,2,' INVESTIGACIÓN SOCIAL EXPLICATIVA ',3,'si'),('TST125',34,2,' FUNDAMENTOS DE LA ACCIÓN SOCIAL CON COLECTIVOS ',6,'si'),('TST221',34,2,' DERECHO LABORAL ',3,'si'),('TST222',34,2,' SOCIOLOGÍA CLÁSICA ',3,'si'),('TST223',34,2,' ANTROPOLOGÍA SOCIOCULTURAL ',3,'si'),('TST224',34,2,' INVESTIGACIÓN SOCIAL INTERPRETATIVA ',2,'si'),('TST225',34,2,' FUNDAMENTOS DE LA INVESTIGACIÓN SOCIAL CON PERSONAS HITO I ',6,'si'),('TST226',34,2,' FUNDAMENTOS ÉTICOS DEL T.S ',2,'si'),('TST321',34,2,' DESARROLLO TERRITORIAL ',2,'si'),('TST322',34,2,' DISEÑO Y EVALUACIÓN DE POLÍTICAS PÚBLICAS Y SOCIALES ',5,'si'),('TST323',34,2,' ANÁLISIS DE INFORMACIÓN INTERPRETATIVA ',4,'si'),('TST421',34,2,' DISEÑO Y EVALUACIÓN DE PROYECTOS II ',6,'si'),('TST422',34,2,' ELECTIVO DE PROFUNDIZACIÓN I ',3,'si'),('TST521',34,2,' ELECTIVO DE PROFUNDIZACIÓN III ',5,'si'),('TST522',34,2,' INVESTIGACIÓN APLICADA II ',4,'si');
/*!40000 ALTER TABLE `ramo` ENABLE KEYS */;
UNLOCK TABLES;

--
-- Table structure for table `resultados`
--

DROP TABLE IF EXISTS `resultados`;
/*!40101 SET @saved_cs_client     = @@character_set_client */;
/*!50503 SET character_set_client = utf8mb4 */;
CREATE TABLE `resultados` (
  `id_resultados` bigint NOT NULL,
  `id_periodo` int NOT NULL,
  `respuesta` varchar(45) DEFAULT NULL,
  `id_postulacion` bigint NOT NULL,
  `fecha_resultados` date DEFAULT NULL,
  PRIMARY KEY (`id_resultados`),
  KEY `id_periodo_idx` (`id_periodo`),
  KEY `id_postulacion_resultados_idx` (`id_postulacion`),
  CONSTRAINT `id_periodo_resultados` FOREIGN KEY (`id_periodo`) REFERENCES `periodo` (`id_periodo`)
) ENGINE=InnoDB DEFAULT CHARSET=utf8mb3;
/*!40101 SET character_set_client = @saved_cs_client */;

--
-- Dumping data for table `resultados`
--

LOCK TABLES `resultados` WRITE;
/*!40000 ALTER TABLE `resultados` DISABLE KEYS */;
INSERT INTO `resultados` VALUES (6235452339,2,'aprobado',394506180,'2023-12-12'),(62354523311,2,'aprobado',394506174,'2023-11-12'),(62354523316,2,'aprobado',50027,'2023-10-12'),(62354523320,2,'aprobado',50031,'2023-09-12'),(62354523328,2,'aprobado',50030,'2023-08-12'),(62354523338,2,'aprobado',50000008,'2023-07-12'),(62354523339,2,'aprobado',394506176,'2023-06-12'),(62354523360,2,'aprobado',50000006,'2023-05-12');
/*!40000 ALTER TABLE `resultados` ENABLE KEYS */;
UNLOCK TABLES;

--
-- Table structure for table `rol`
--

DROP TABLE IF EXISTS `rol`;
/*!40101 SET @saved_cs_client     = @@character_set_client */;
/*!50503 SET character_set_client = utf8mb4 */;
CREATE TABLE `rol` (
  `id_rol` int NOT NULL,
  `nombre_rol` varchar(45) DEFAULT NULL,
  PRIMARY KEY (`id_rol`)
) ENGINE=InnoDB DEFAULT CHARSET=utf8mb3;
/*!40101 SET character_set_client = @saved_cs_client */;

--
-- Dumping data for table `rol`
--

LOCK TABLES `rol` WRITE;
/*!40000 ALTER TABLE `rol` DISABLE KEYS */;
INSERT INTO `rol` VALUES (1,'estudiante'),(2,'evaluador'),(3,'administrador'),(4,'mamadisimo');
/*!40000 ALTER TABLE `rol` ENABLE KEYS */;
UNLOCK TABLES;
/*!40103 SET TIME_ZONE=@OLD_TIME_ZONE */;

/*!40101 SET SQL_MODE=@OLD_SQL_MODE */;
/*!40014 SET FOREIGN_KEY_CHECKS=@OLD_FOREIGN_KEY_CHECKS */;
/*!40014 SET UNIQUE_CHECKS=@OLD_UNIQUE_CHECKS */;
/*!40101 SET CHARACTER_SET_CLIENT=@OLD_CHARACTER_SET_CLIENT */;
/*!40101 SET CHARACTER_SET_RESULTS=@OLD_CHARACTER_SET_RESULTS */;
/*!40101 SET COLLATION_CONNECTION=@OLD_COLLATION_CONNECTION */;
/*!40111 SET SQL_NOTES=@OLD_SQL_NOTES */;

-- Dump completed on 2023-12-12 18:10:07
